snp_id	chrom	pos	maf
rs100000	9	100000	0.3057
rs100002	4	100200	0.2155
rs100005	13	100500	0.4879
rs100006	9	100600	0.2269
rs100007	19	100700	0.4514
rs100008	9	100800	0.334
rs100009	10	100900	0.4077
rs100010	13	101000	0.2762
rs100011	13	101100	0.3096
rs100012	22	101200	0.2716
rs100014	1	101400	0.3751
rs100017	4	101700	0.3405
rs100019	16	101900	0.4732
rs100020	17	102000	0.4793
rs100021	8	102100	0.4617
rs100022	8	102200	0.2166
rs100024	20	102400	0.4677
rs100025	15	102500	0.2427
rs100026	12	102600	0.485
rs100027	12	102700	0.4836
rs100028	22	102800	0.4339
rs100030	11	103000	0.2233
rs100031	6	103100	0.433
rs100034	15	103400	0.3006
rs100035	6	103500	0.4713
rs100036	3	103600	0.3632
rs100037	3	103700	0.3065
rs100039	21	103900	0.3268
rs100040	8	104000	0.4955
rs100042	5	104200	0.2832
rs100043	5	104300	0.4448
rs100044	1	104400	0.3833
rs100045	15	104500	0.3637
rs100046	1	104600	0.3661
rs100048	22	104800	0.1821
rs100049	11	104900	0.4142
rs100050	5	105000	0.4146
rs100051	8	105100	0.4402
rs100052	22	105200	0.461
rs100053	1	105300	0.2801
rs100054	6	105400	0.2757
rs100055	11	105500	0.4092
rs100056	18	105600	0.3425
rs100057	10	105700	0.3659
rs100058	3	105800	0.4081
rs100059	9	105900	0.4505
rs100060	9	106000	0.2021
rs100061	3	106100	0.219
rs100063	5	106300	0.3102
rs100065	21	106500	0.2595
rs100066	21	106600	0.2942
rs100068	21	106800	0.3159
rs100071	5	107100	0.4202
rs100072	22	107200	0.2121
rs100074	11	107400	0.285
rs100075	2	107500	0.3965
rs100077	17	107700	0.3303
rs100080	6	108000	0.2891
rs100081	12	108100	0.2933
rs100082	9	108200	0.3368
rs100083	15	108300	0.3767
rs100084	15	108400	0.4891
rs100085	5	108500	0.2823
rs100087	21	108700	0.4078
rs100088	20	108800	0.1719
rs100089	14	108900	0.2475
rs100092	13	109200	0.4832
rs100093	2	109300	0.4262
rs100094	8	109400	0.3632
rs100095	1	109500	0.234
rs100099	21	109900	0.2972
rs100100	18	110000	0.3716
rs100101	2	110100	0.3471
rs100102	12	110200	0.176
rs100103	15	110300	0.4797
rs100104	1	110400	0.3821
rs100105	8	110500	0.2995
rs100106	10	110600	0.3253
rs100107	16	110700	0.2388
rs100109	21	110900	0.2102
rs100110	19	111000	0.391
rs100115	4	111500	0.435
rs100116	1	111600	0.3666
rs100117	18	111700	0.2634
rs100119	14	111900	0.2712
rs100120	12	112000	0.2631
rs100122	14	112200	0.2452
rs100123	15	112300	0.2293
rs100124	15	112400	0.3271
rs100125	13	112500	0.3358
rs100128	21	112800	0.3316
rs100129	19	112900	0.2764
rs100130	19	113000	0.4354
rs100131	14	113100	0.3464
rs100134	2	113400	0.3391
rs100136	2	113600	0.3136
rs100137	14	113700	0.4731
rs100138	19	113800	0.309
rs100139	18	113900	0.2247
rs100140	7	114000	0.3395
rs100141	8	114100	0.2562
rs100142	7	114200	0.2955
rs100143	7	114300	0.4737
rs100144	12	114400	0.2237
rs100145	6	114500	0.4825
rs100146	16	114600	0.4574
rs100152	19	115200	0.3574
rs100155	14	115500	0.4302
rs100157	17	115700	0.4165
rs100160	15	116000	0.3635
rs100161	13	116100	0.333
rs100162	3	116200	0.4449
rs100163	5	116300	0.3808
rs100164	20	116400	0.4116
rs100167	9	116700	0.3878
rs100168	20	116800	0.4131
rs100169	20	116900	0.4957
rs100170	8	117000	0.2357
rs100171	21	117100	0.2174
rs100172	8	117200	0.3994
rs100173	4	117300	0.2034
rs100174	18	117400	0.4688
rs100175	11	117500	0.4363
rs100176	14	117600	0.243
rs100177	18	117700	0.3879
rs100178	12	117800	0.3895
rs100180	17	118000	0.4561
rs100181	18	118100	0.2774
rs100182	1	118200	0.4219
rs100184	13	118400	0.453
rs100185	10	118500	0.2251
rs100187	9	118700	0.4574
rs100189	15	118900	0.1937
rs100190	5	119000	0.4775
rs100191	10	119100	0.4778
rs100192	18	119200	0.308
rs100193	4	119300	0.3343
rs100194	10	119400	0.2518
rs100195	3	119500	0.1819
rs100197	11	119700	0.3526
rs100198	1	119800	0.3886
rs100199	6	119900	0.4062
rs100200	16	120000	0.4053
rs100202	14	120200	0.2725
rs100204	14	120400	0.2973
rs100205	7	120500	0.2487
rs100206	16	120600	0.4495
rs100207	21	120700	0.2079
rs100210	21	121000	0.3927
rs100211	14	121100	0.3282
rs100214	4	121400	0.3654
rs100216	11	121600	0.4198
rs100217	11	121700	0.3678
rs100220	5	122000	0.494
rs100221	7	122100	0.2184
rs100222	20	122200	0.2168
rs100223	21	122300	0.4158
rs100224	3	122400	0.4763
rs100225	14	122500	0.4937
rs100226	2	122600	0.389
rs100227	22	122700	0.2193
rs100229	9	122900	0.3997
rs100230	8	123000	0.3013
rs100231	12	123100	0.2409
rs100232	18	123200	0.4579
rs100234	22	123400	0.2717
rs100236	16	123600	0.2609
rs100240	16	124000	0.3421
rs100241	6	124100	0.3857
rs100242	7	124200	0.3125
rs100243	21	124300	0.483
rs100244	7	124400	0.2187
rs100246	11	124600	0.4409
rs100248	10	124800	0.4835
rs100250	3	125000	0.4864
rs100252	2	125200	0.451
rs100253	21	125300	0.2875
rs100254	4	125400	0.4968
rs100256	19	125600	0.2992
rs100257	16	125700	0.4862
rs100258	11	125800	0.2854
rs100259	8	125900	0.3332
rs100260	18	126000	0.3631
rs100261	7	126100	0.2545
rs100262	10	126200	0.3324
rs100263	15	126300	0.3129
rs100264	12	126400	0.4555
rs100267	4	126700	0.4777
rs100268	3	126800	0.4506
rs100269	10	126900	0.255
rs100270	4	127000	0.3291
rs100273	17	127300	0.2587
rs100274	18	127400	0.209
rs100275	13	127500	0.3126
rs100277	13	127700	0.4885
rs100278	4	127800	0.4938
rs100279	11	127900	0.3642
rs100280	16	128000	0.2912
rs100282	14	128200	0.4162
rs100283	3	128300	0.3581
rs100285	22	128500	0.4599
rs100286	3	128600	0.4201
rs100287	9	128700	0.4774
rs100288	11	128800	0.3766
rs100289	13	128900	0.326
rs100290	13	129000	0.2382
rs100291	10	129100	0.4697
rs100292	18	129200	0.4397
rs100295	14	129500	0.2194
rs100296	21	129600	0.4147
rs100297	1	129700	0.4943
rs100299	3	129900	0.3174
rs100300	21	130000	0.2214
rs100301	16	130100	0.4865
rs100302	2	130200	0.429
rs100303	12	130300	0.4272
rs100304	13	130400	0.2609
rs100305	16	130500	0.2367
rs100308	4	130800	0.4391
rs100309	16	130900	0.4158
rs100310	19	131000	0.4999
rs100311	11	131100	0.4985
rs100312	4	131200	0.2999
rs100313	11	131300	0.396
rs100314	14	131400	0.4751
rs100315	20	131500	0.4323
rs100317	16	131700	0.2527
rs100319	15	131900	0.4793
rs100320	4	132000	0.3228
rs100322	3	132200	0.3523
rs100323	10	132300	0.3282
rs100326	8	132600	0.3522
rs100327	21	132700	0.2841
rs100328	10	132800	0.3975
rs100329	5	132900	0.2841
rs100330	12	133000	0.4335
rs100331	4	133100	0.2984
rs100332	9	133200	0.3024
rs100333	19	133300	0.4445
rs100334	15	133400	0.2316
rs100337	19	133700	0.3898
rs100338	10	133800	0.3291
rs100339	2	133900	0.3668
rs100344	22	134400	0.3155
rs100345	12	134500	0.2265
rs100346	22	134600	0.2469
rs100347	14	134700	0.4569
rs100349	6	134900	0.2813
rs100350	7	135000	0.4026
rs100351	14	135100	0.2284
rs100352	4	135200	0.3299
rs100353	21	135300	0.4381
rs100354	17	135400	0.4773
rs100356	9	135600	0.467
rs100357	11	135700	0.2715
rs100359	21	135900	0.2566
rs100360	22	136000	0.491
rs100361	14	136100	0.2717
rs100363	13	136300	0.335
rs100370	3	137000	0.3384
rs100372	4	137200	0.2056
rs100373	2	137300	0.4536
rs100374	15	137400	0.2633
rs100375	22	137500	0.3504
rs100384	10	138400	0.2574
rs100387	7	138700	0.2765
rs100388	17	138800	0.3607
rs100390	22	139000	0.4097
rs100391	13	139100	0.3326
rs100393	12	139300	0.4431
rs100394	12	139400	0.4644
rs100396	10	139600	0.1746
rs100397	10	139700	0.4128
rs100398	20	139800	0.3867
rs100401	13	140100	0.2167
rs100402	14	140200	0.268
rs100403	5	140300	0.3282
rs100405	20	140500	0.2581
rs100406	4	140600	0.3864
rs100409	17	140900	0.371
rs100410	19	141000	0.4528
rs100411	15	141100	0.2803
rs100412	9	141200	0.2895
rs100414	15	141400	0.2513
rs100415	18	141500	0.2897
rs100418	1	141800	0.2198
rs100420	18	142000	0.1949
rs100424	18	142400	0.4507
rs100425	19	142500	0.3171
rs100426	16	142600	0.3556
rs100427	19	142700	0.4051
rs100428	21	142800	0.2743
rs100430	11	143000	0.2917
rs100431	19	143100	0.3141
rs100432	9	143200	0.3854
rs100433	16	143300	0.2442
rs100436	9	143600	0.2134
rs100437	8	143700	0.3407
rs100438	3	143800	0.3069
rs100440	18	144000	0.4939
rs100441	14	144100	0.3226
rs100450	8	145000	0.4535
rs100452	10	145200	0.286
rs100453	2	145300	0.2347
rs100454	5	145400	0.4921
rs100456	10	145600	0.229
rs100457	17	145700	0.4863
rs100458	2	145800	0.4395
rs100459	20	145900	0.4177
rs100462	16	146200	0.3509
rs100463	2	146300	0.4682
rs100464	11	146400	0.3005
rs100465	2	146500	0.3072
rs100467	18	146700	0.3963
rs100470	16	147000	0.2414
rs100471	14	147100	0.2784
rs100474	11	147400	0.3248
rs100475	13	147500	0.1799
rs100476	1	147600	0.3116
rs100478	12	147800	0.2665
rs100479	11	147900	0.2897
rs100484	18	148400	0.4955
rs100485	22	148500	0.1951
rs100486	1	148600	0.4144
rs100488	4	148800	0.3567
rs100489	12	148900	0.3921
rs100490	1	149000	0.318
rs100491	20	149100	0.2622
rs100492	17	149200	0.2353
rs100493	19	149300	0.207
rs100494	18	149400	0.4683
rs100495	3	149500	0.4238
rs100496	5	149600	0.4843
rs100498	8	149800	0.3789
rs100499	4	149900	0.4723
rs100502	10	150200	0.3835
rs100503	5	150300	0.3085
rs100504	3	150400	0.4288
rs100506	10	150600	0.4079
rs100510	18	151000	0.4166
rs100511	21	151100	0.3493
rs100512	13	151200	0.2854
rs100513	21	151300	0.2115
rs100514	16	151400	0.4447
rs100515	18	151500	0.2266
rs100516	13	151600	0.4175
rs100517	1	151700	0.2476
rs100518	17	151800	0.2196
rs100519	2	151900	0.2582
rs100521	21	152100	0.3864
rs100522	1	152200	0.2762
rs100524	9	152400	0.4548
rs100525	11	152500	0.2228
rs100526	17	152600	0.2946
rs100527	19	152700	0.4579
rs100528	10	152800	0.3309
rs100530	4	153000	0.4729
rs100531	15	153100	0.3325
rs100532	2	153200	0.2007
rs100534	13	153400	0.4073
rs100535	11	153500	0.329
rs100536	19	153600	0.2901
rs100537	13	153700	0.4523
rs100538	14	153800	0.4049
rs100540	8	154000	0.1903
rs100542	20	154200	0.3848
rs100544	13	154400	0.3065
rs100545	12	154500	0.3931
rs100546	7	154600	0.4445
rs100547	7	154700	0.2039
rs100548	22	154800	0.4196
rs100550	15	155000	0.4309
rs100552	19	155200	0.2288
rs100553	12	155300	0.4088
rs100556	8	155600	0.375
rs100557	6	155700	0.374
rs100558	10	155800	0.3385
rs100559	20	155900	0.3623
rs100560	8	156000	0.2942
rs100562	8	156200	0.2056
rs100564	16	156400	0.4588
rs100565	19	156500	0.3125
rs100566	1	156600	0.2304
rs100567	14	156700	0.2579
rs100568	8	156800	0.4763
rs100570	1	157000	0.3138
rs100571	21	157100	0.2776
rs100572	20	157200	0.3252
rs100574	13	157400	0.4425
rs100575	19	157500	0.4695
rs100576	17	157600	0.3043
rs100577	16	157700	0.3635
rs100578	15	157800	0.4651
rs100579	11	157900	0.3683
rs100581	14	158100	0.3093
rs100582	20	158200	0.323
rs100583	5	158300	0.2409
rs100584	20	158400	0.3814
rs100585	1	158500	0.4705
rs100586	20	158600	0.4665
rs100587	15	158700	0.2529
rs100589	6	158900	0.4932
rs100590	16	159000	0.4275
rs100592	14	159200	0.4644
rs100593	2	159300	0.4415
rs100594	11	159400	0.2835
rs100595	14	159500	0.3161
rs100596	17	159600	0.2296
rs100598	6	159800	0.2008
rs100599	9	159900	0.4113
rs100603	14	160300	0.2918
rs100604	2	160400	0.4639
rs100607	16	160700	0.3819
rs100608	17	160800	0.2535
rs100610	13	161000	0.2536
rs100613	7	161300	0.2743
rs100614	5	161400	0.2385
rs100615	13	161500	0.4617
rs100616	13	161600	0.2131
rs100617	19	161700	0.3113
rs100618	9	161800	0.3345
rs100620	10	162000	0.3486
rs100622	15	162200	0.4825
rs100624	1	162400	0.2366
rs100626	7	162600	0.4986
rs100627	13	162700	0.276
rs100628	11	162800	0.3179
rs100630	13	163000	0.3875
rs100632	7	163200	0.4541
rs100636	5	163600	0.2624
rs100637	9	163700	0.3042
rs100639	9	163900	0.399
rs100640	14	164000	0.254
rs100641	17	164100	0.286
rs100642	8	164200	0.2483
rs100643	16	164300	0.2303
rs100644	2	164400	0.3018
rs100647	13	164700	0.4378
rs100648	7	164800	0.4758
rs100649	3	164900	0.218
rs100650	20	165000	0.1718
rs100651	21	165100	0.3398
rs100652	13	165200	0.2339
rs100655	21	165500	0.3722
rs100656	18	165600	0.3465
rs100660	20	166000	0.3524
rs100663	6	166300	0.41
rs100665	17	166500	0.3437
rs100669	10	166900	0.375
rs100670	16	167000	0.4351
rs100671	8	167100	0.4236
rs100673	5	167300	0.3506
rs100676	11	167600	0.4534
rs100682	6	168200	0.3124
rs100683	22	168300	0.2396
rs100684	3	168400	0.4517
rs100685	4	168500	0.4178
rs100686	3	168600	0.2038
rs100688	22	168800	0.2209
rs100689	3	168900	0.3156
rs100691	7	169100	0.3309
rs100692	7	169200	0.2342
rs100693	9	169300	0.2984
rs100694	4	169400	0.2463
rs100696	12	169600	0.4768
rs100697	13	169700	0.3936
rs100699	11	169900	0.4408
rs100700	5	170000	0.2693
rs100701	19	170100	0.4525
rs100702	13	170200	0.4099
rs100703	4	170300	0.2413
rs100706	19	170600	0.2937
rs100707	4	170700	0.3351
rs100708	5	170800	0.166
rs100710	19	171000	0.4257
rs100711	11	171100	0.493
rs100712	11	171200	0.2866
rs100716	21	171600	0.4614
rs100718	15	171800	0.3094
rs100720	18	172000	0.2994
rs100721	20	172100	0.3431
rs100722	16	172200	0.4234
rs100726	11	172600	0.455
rs100727	5	172700	0.4433
rs100728	13	172800	0.3188
rs100729	21	172900	0.3202
rs100730	10	173000	0.3493
rs100732	7	173200	0.4615
rs100733	8	173300	0.2384
rs100735	1	173500	0.2835
rs100738	22	173800	0.3821
rs100740	2	174000	0.3214
rs100742	15	174200	0.2252
rs100744	18	174400	0.2101
rs100745	7	174500	0.3736
rs100747	8	174700	0.3049
rs100748	20	174800	0.2642
rs100749	15	174900	0.3487
rs100750	9	175000	0.4716
rs100751	5	175100	0.3797
rs100755	8	175500	0.3178
rs100757	20	175700	0.2734
rs100758	18	175800	0.3186
rs100760	11	176000	0.3969
rs100763	3	176300	0.3777
rs100764	20	176400	0.273
rs100765	3	176500	0.3598
rs100766	14	176600	0.2457
rs100768	3	176800	0.4186
rs100769	5	176900	0.4097
rs100770	12	177000	0.3626
rs100772	15	177200	0.3156
rs100775	21	177500	0.4628
rs100777	19	177700	0.4776
rs100778	19	177800	0.2507
rs100780	19	178000	0.2939
rs100781	18	178100	0.4428
rs100782	16	178200	0.3795
rs100783	16	178300	0.413
rs100784	2	178400	0.3465
rs100785	10	178500	0.3615
rs100786	17	178600	0.4321
rs100788	4	178800	0.2702
rs100790	22	179000	0.4945
rs100791	1	179100	0.4748
rs100793	6	179300	0.3675
rs100794	16	179400	0.4664
rs100796	9	179600	0.3056
rs100797	20	179700	0.462
rs100799	3	179900	0.3638
rs100801	5	180100	0.466
rs100802	7	180200	0.487
rs100803	16	180300	0.4749
rs100804	6	180400	0.2634
rs100805	12	180500	0.4379
rs100806	18	180600	0.43
rs100808	14	180800	0.423
rs100810	4	181000	0.3183
rs100814	13	181400	0.3633
rs100815	20	181500	0.2029
rs100816	21	181600	0.3761
rs100819	8	181900	0.2928
rs100820	5	182000	0.4058
rs100821	14	182100	0.1934
rs100822	16	182200	0.3317
rs100823	15	182300	0.4487
rs100824	21	182400	0.3271
rs100827	11	182700	0.4415
rs100829	20	182900	0.4436
rs100830	21	183000	0.288
rs100831	20	183100	0.4726
rs100832	2	183200	0.4095
rs100833	19	183300	0.4991
rs100834	12	183400	0.2078
rs100835	1	183500	0.3952
rs100836	9	183600	0.2309
rs100837	2	183700	0.2659
rs100838	8	183800	0.3324
rs100839	12	183900	0.4432
rs100840	17	184000	0.4928
rs100841	3	184100	0.3957
rs100843	8	184300	0.2396
rs100844	17	184400	0.3819
rs100847	14	184700	0.2096
rs100853	7	185300	0.4945
rs100854	4	185400	0.2425
rs100855	4	185500	0.2229
rs100856	13	185600	0.3558
rs100858	14	185800	0.4775
rs100859	9	185900	0.4039
rs100861	16	186100	0.2379
rs100862	7	186200	0.4456
rs100863	21	186300	0.4751
rs100864	9	186400	0.2603
rs100865	4	186500	0.326
rs100867	12	186700	0.496
rs100869	18	186900	0.4742
rs100870	2	187000	0.3423
rs100871	22	187100	0.3235
rs100872	7	187200	0.2807
rs100877	3	187700	0.4008
rs100878	3	187800	0.2076
rs100880	22	188000	0.4861
rs100881	7	188100	0.4477
rs100882	21	188200	0.4675
rs100883	5	188300	0.4977
rs100885	8	188500	0.2283
rs100886	18	188600	0.3912
rs100887	18	188700	0.3632
rs100889	14	188900	0.4171
rs100892	11	189200	0.2916
rs100893	2	189300	0.3168
rs100894	12	189400	0.311
rs100896	21	189600	0.4449
rs100899	6	189900	0.4499
rs100900	6	190000	0.48
rs100901	19	190100	0.438
rs100902	11	190200	0.4143
rs100903	8	190300	0.3449
rs100904	7	190400	0.2979
rs100907	19	190700	0.2177
rs100909	11	190900	0.3755
rs100910	15	191000	0.2731
rs100913	13	191300	0.3575
rs100915	12	191500	0.433
rs100916	18	191600	0.2728
rs100917	17	191700	0.2663
rs100918	12	191800	0.3166
rs100919	6	191900	0.4211
rs100920	10	192000	0.2065
rs100921	2	192100	0.3551
rs100922	5	192200	0.3046
rs100924	10	192400	0.4454
rs100925	20	192500	0.4088
rs100926	21	192600	0.3463
rs100927	18	192700	0.4328
rs100928	8	192800	0.4403
rs100929	14	192900	0.3688
rs100930	15	193000	0.4267
rs100931	4	193100	0.3639
rs100932	1	193200	0.3561
rs100933	13	193300	0.3284
rs100934	1	193400	0.3887
rs100936	14	193600	0.4464
rs100937	18	193700	0.4423
rs100939	5	193900	0.4216
rs100941	5	194100	0.2008
rs100942	3	194200	0.3846
rs100944	9	194400	0.4181
rs100945	3	194500	0.4245
rs100946	6	194600	0.2784
rs100949	6	194900	0.3276
rs100950	18	195000	0.4915
rs100951	16	195100	0.3343
rs100953	19	195300	0.3353
rs100954	9	195400	0.293
rs100955	7	195500	0.4009
rs100957	8	195700	0.3925
rs100958	10	195800	0.2936
rs100959	6	195900	0.4833
rs100960	15	196000	0.2038
rs100961	5	196100	0.3347
rs100962	1	196200	0.4694
rs100964	8	196400	0.4718
rs100965	10	196500	0.3595
rs100968	5	196800	0.3687
rs100970	18	197000	0.312
rs100971	12	197100	0.2056
rs100972	13	197200	0.3294
rs100974	1	197400	0.4422
rs100975	14	197500	0.4881
rs100976	2	197600	0.486
rs100977	3	197700	0.3873
rs100979	21	197900	0.3912
rs100983	11	198300	0.2699
rs100984	19	198400	0.3967
rs100985	11	198500	0.3575
rs100986	22	198600	0.2507
rs100988	15	198800	0.4987
rs100989	6	198900	0.2418
rs100990	17	199000	0.2531
rs100992	2	199200	0.4077
rs100993	12	199300	0.3622
rs100996	20	199600	0.3562
rs100997	20	199700	0.3445
rs100999	21	199900	0.4779
rs101001	2	200100	0.2446
rs101002	16	200200	0.4746
rs101003	20	200300	0.2389
rs101004	12	200400	0.3373
rs101005	3	200500	0.2289
rs101006	19	200600	0.1734
rs101007	18	200700	0.4928
rs101009	17	200900	0.4523
rs101013	7	201300	0.3433
rs101014	10	201400	0.2158
rs101015	19	201500	0.439
rs101016	14	201600	0.2629
rs101017	17	201700	0.4857
rs101019	16	201900	0.4409
rs101020	7	202000	0.3995
rs101021	9	202100	0.3969
rs101022	3	202200	0.4302
rs101023	22	202300	0.3925
rs101024	7	202400	0.3318
rs101027	12	202700	0.4644
rs101028	18	202800	0.3275
rs101029	21	202900	0.4084
rs101030	17	203000	0.2667
rs101033	6	203300	0.3585
rs101034	11	203400	0.2436
rs101036	12	203600	0.2712
rs101038	16	203800	0.3119
rs101040	18	204000	0.4089
rs101042	3	204200	0.2548
rs101045	5	204500	0.2266
rs101046	1	204600	0.266
rs101047	2	204700	0.32
rs101049	14	204900	0.3627
rs101050	14	205000	0.4371
rs101051	21	205100	0.4009
rs101053	16	205300	0.2662
rs101056	11	205600	0.494
rs101058	13	205800	0.2745
rs101059	10	205900	0.3282
rs101060	6	206000	0.3661
rs101061	3	206100	0.3018
rs101063	12	206300	0.1969
rs101064	8	206400	0.283
rs101066	11	206600	0.2078
rs101069	21	206900	0.2286
rs101071	13	207100	0.3054
rs101072	18	207200	0.3603
rs101073	8	207300	0.4103
rs101077	8	207700	0.3364
rs101078	21	207800	0.3679
rs101080	17	208000	0.4713
rs101082	18	208200	0.2936
rs101083	15	208300	0.3691
rs101084	19	208400	0.4419
rs101085	6	208500	0.3713
rs101086	22	208600	0.4108
rs101087	1	208700	0.2028
rs101088	3	208800	0.4167
rs101090	5	209000	0.4527
rs101091	14	209100	0.2964
rs101092	10	209200	0.4178
rs101093	12	209300	0.2535
rs101094	16	209400	0.3396
rs101095	18	209500	0.2869
rs101096	11	209600	0.3792
rs101101	10	210100	0.4423
rs101103	10	210300	0.4891
rs101104	6	210400	0.2016
rs101106	20	210600	0.4054
rs101107	14	210700	0.3464
rs101108	1	210800	0.2742
rs101109	6	210900	0.2999
rs101110	19	211000	0.3736
rs101112	20	211200	0.4984
rs101113	15	211300	0.4887
rs101114	15	211400	0.3426
rs101116	18	211600	0.3561
rs101120	17	212000	0.2582
rs101121	9	212100	0.4407
rs101122	20	212200	0.3772
rs101123	8	212300	0.3842
rs101124	4	212400	0.2415
rs101126	3	212600	0.217
rs101127	17	212700	0.4944
rs101129	20	212900	0.4402
rs101130	18	213000	0.3104
rs101131	5	213100	0.2474
rs101132	9	213200	0.3764
rs101133	11	213300	0.269
rs101134	12	213400	0.443
rs101135	10	213500	0.4553
rs101136	13	213600	0.2398
rs101138	13	213800	0.3166
rs101139	21	213900	0.4606
rs101140	12	214000	0.1448
rs101141	12	214100	0.3303
rs101142	13	214200	0.3342
rs101143	4	214300	0.3799
rs101145	4	214500	0.3721
rs101146	18	214600	0.4591
rs101149	11	214900	0.4871
rs101151	3	215100	0.4345
rs101152	14	215200	0.2715
rs101154	7	215400	0.4418
rs101155	3	215500	0.2504
rs101156	4	215600	0.2817
rs101157	8	215700	0.2117
rs101158	5	215800	0.3168
rs101160	17	216000	0.226
rs101161	17	216100	0.4862
rs101163	10	216300	0.3455
rs101164	5	216400	0.1963
rs101165	22	216500	0.3981
rs101167	21	216700	0.4864
rs101168	21	216800	0.2542
rs101172	13	217200	0.2839
rs101173	9	217300	0.2017
rs101174	10	217400	0.423
rs101175	2	217500	0.2439
rs101177	2	217700	0.3277
rs101178	1	217800	0.368
rs101182	15	218200	0.3814
rs101183	4	218300	0.3487
rs101184	7	218400	0.2636
rs101185	15	218500	0.4299
rs101186	18	218600	0.4126
rs101187	15	218700	0.3134
rs101188	8	218800	0.4407
rs101193	20	219300	0.289
rs101194	13	219400	0.4715
rs101197	7	219700	0.2535
rs101198	10	219800	0.4702
rs101200	2	220000	0.2783
rs101203	17	220300	0.494
rs101204	12	220400	0.4843
rs101206	4	220600	0.4783
rs101207	16	220700	0.3376
rs101208	8	220800	0.4406
rs101209	5	220900	0.2546
rs101210	12	221000	0.282
rs101211	19	221100	0.27
rs101212	5	221200	0.3501
rs101215	4	221500	0.1886
rs101216	12	221600	0.3671
rs101218	1	221800	0.353
rs101219	2	221900	0.4865
rs101221	8	222100	0.3527
rs101222	11	222200	0.2497
rs101223	22	222300	0.4407
rs101225	20	222500	0.3617
rs101226	1	222600	0.4272
rs101227	4	222700	0.4751
rs101228	11	222800	0.3575
rs101229	21	222900	0.2737
rs101230	14	223000	0.328
rs101231	13	223100	0.441
rs101232	4	223200	0.3068
rs101234	21	223400	0.4689
rs101235	16	223500	0.3603
rs101236	18	223600	0.3544
rs101238	21	223800	0.3465
rs101239	1	223900	0.2272
rs101240	10	224000	0.3431
rs101242	13	224200	0.346
rs101243	14	224300	0.4997
rs101245	20	224500	0.4897
rs101247	14	224700	0.4418
rs101248	17	224800	0.4021
rs101249	11	224900	0.3052
rs101250	6	225000	0.3823
rs101251	19	225100	0.4453
rs101252	6	225200	0.2319
rs101253	7	225300	0.1972
rs101254	21	225400	0.3504
rs101255	7	225500	0.4135
rs101256	13	225600	0.393
rs101257	17	225700	0.409
rs101258	4	225800	0.246
rs101259	11	225900	0.418
rs101261	19	226100	0.295
rs101264	3	226400	0.2149
rs101265	13	226500	0.2283
rs101266	18	226600	0.363
rs101267	5	226700	0.2249
rs101268	17	226800	0.2519
rs101270	12	227000	0.218
rs101273	10	227300	0.3216
rs101274	2	227400	0.3507
rs101275	16	227500	0.3288
rs101276	15	227600	0.2586
rs101277	5	227700	0.2209
rs101278	4	227800	0.4385
rs101279	12	227900	0.2836
rs101280	22	228000	0.2656
rs101282	13	228200	0.2036
rs101283	16	228300	0.2211
rs101284	7	228400	0.2295
rs101285	10	228500	0.3111
rs101286	12	228600	0.2901
rs101287	9	228700	0.3236
rs101288	13	228800	0.3942
rs101289	4	228900	0.4158
rs101290	3	229000	0.3732
rs101291	4	229100	0.48
rs101295	12	229500	0.3414
rs101296	9	229600	0.4541
rs101298	13	229800	0.4672
rs101300	10	230000	0.4705
rs101303	8	230300	0.2686
rs101306	18	230600	0.1883
rs101307	6	230700	0.4114
rs101308	20	230800	0.2926
rs101309	9	230900	0.1901
rs101310	2	231000	0.3247
rs101311	10	231100	0.3723
rs101313	7	231300	0.2361
rs101316	22	231600	0.3565
rs101318	11	231800	0.2863
rs101319	2	231900	0.3691
rs101321	1	232100	0.3053
rs101323	21	232300	0.4833
rs101324	15	232400	0.2676
rs101325	3	232500	0.4127
rs101326	16	232600	0.2976
rs101328	8	232800	0.3349
rs101329	10	232900	0.4781
rs101330	19	233000	0.3207
rs101331	12	233100	0.4186
rs101332	21	233200	0.4479
rs101335	13	233500	0.3249
rs101336	4	233600	0.235
rs101337	20	233700	0.4279
rs101338	9	233800	0.455
rs101339	3	233900	0.209
rs101341	14	234100	0.4012
rs101342	9	234200	0.1737
rs101343	11	234300	0.4202
rs101344	13	234400	0.2407
rs101345	10	234500	0.3504
rs101347	10	234700	0.3307
rs101348	15	234800	0.2533
rs101349	21	234900	0.314
rs101351	5	235100	0.3816
rs101352	1	235200	0.4383
rs101356	14	235600	0.3389
rs101357	20	235700	0.3232
rs101358	21	235800	0.296
rs101360	19	236000	0.2259
rs101361	21	236100	0.3175
rs101362	9	236200	0.2735
rs101363	7	236300	0.4945
rs101365	2	236500	0.3628
rs101366	13	236600	0.2319
rs101367	16	236700	0.2427
rs101368	6	236800	0.3729
rs101369	19	236900	0.3616
rs101370	20	237000	0.4961
rs101373	1	237300	0.376
rs101374	22	237400	0.3103
rs101378	8	237800	0.4524
rs101380	20	238000	0.1955
rs101382	3	238200	0.2097
rs101384	20	238400	0.2836
rs101386	6	238600	0.4102
rs101388	2	238800	0.293
rs101389	21	238900	0.446
rs101390	15	239000	0.3429
rs101391	6	239100	0.2898
rs101394	2	239400	0.3513
rs101395	10	239500	0.4974
rs101396	15	239600	0.3478
rs101397	9	239700	0.301
rs101398	5	239800	0.3788
rs101399	7	239900	0.2593
rs101401	2	240100	0.303
rs101402	8	240200	0.4809
rs101404	7	240400	0.3605
rs101406	19	240600	0.2911
rs101408	16	240800	0.2527
rs101409	2	240900	0.3903
rs101411	20	241100	0.3492
rs101412	16	241200	0.408
rs101413	15	241300	0.4672
rs101415	12	241500	0.2297
rs101417	3	241700	0.4966
rs101418	7	241800	0.4672
rs101419	1	241900	0.293
rs101420	3	242000	0.4289
rs101421	22	242100	0.2844
rs101422	18	242200	0.3306
rs101424	8	242400	0.3899
rs101426	19	242600	0.4217
rs101427	13	242700	0.4019
rs101428	17	242800	0.3689
rs101434	7	243400	0.4716
rs101435	19	243500	0.2992
rs101437	3	243700	0.2286
rs101438	6	243800	0.2512
rs101439	16	243900	0.3203
rs101440	18	244000	0.2821
rs101441	8	244100	0.4637
rs101442	13	244200	0.2736
rs101443	7	244300	0.4965
rs101444	4	244400	0.4331
rs101446	16	244600	0.4688
rs101448	8	244800	0.4179
rs101449	5	244900	0.2213
rs101450	5	245000	0.4451
rs101451	3	245100	0.4406
rs101452	14	245200	0.4127
rs101453	19	245300	0.4055
rs101456	21	245600	0.2313
rs101458	12	245800	0.3627
rs101459	7	245900	0.2057
rs101460	22	246000	0.489
rs101461	19	246100	0.3384
rs101462	14	246200	0.4201
rs101464	9	246400	0.4379
rs101465	7	246500	0.4652
rs101466	19	246600	0.2692
rs101467	2	246700	0.3228
rs101468	22	246800	0.3942
rs101470	16	247000	0.2762
rs101471	20	247100	0.2294
rs101473	20	247300	0.2154
rs101477	12	247700	0.4834
rs101478	2	247800	0.2973
rs101479	15	247900	0.4846
rs101480	16	248000	0.2446
rs101482	15	248200	0.2778
rs101483	2	248300	0.2478
rs101485	11	248500	0.3384
rs101487	14	248700	0.3288
rs101488	6	248800	0.3426
rs101491	21	249100	0.4013
rs101492	4	249200	0.2569
rs101494	9	249400	0.4977
rs101496	5	249600	0.3628
rs101497	17	249700	0.4927
rs101503	19	250300	0.3615
rs101505	11	250500	0.2792
rs101506	12	250600	0.4985
rs101507	1	250700	0.4163
rs101508	6	250800	0.3268
rs101510	14	251000	0.3308
rs101511	10	251100	0.2872
rs101512	2	251200	0.2417
rs101514	15	251400	0.449
rs101515	3	251500	0.2524
rs101517	21	251700	0.2155
rs101518	8	251800	0.2364
rs101519	6	251900	0.4224
rs101520	6	252000	0.3801
rs101521	15	252100	0.3962
rs101523	4	252300	0.2373
rs101524	5	252400	0.2666
rs101527	10	252700	0.3921
rs101529	7	252900	0.2909
rs101533	2	253300	0.4891
rs101534	5	253400	0.4107
rs101535	11	253500	0.4818
rs101536	9	253600	0.2695
rs101538	6	253800	0.2966
rs101539	8	253900	0.2545
rs101540	5	254000	0.43
rs101542	9	254200	0.2697
rs101544	12	254400	0.1961
rs101545	5	254500	0.3818
rs101546	5	254600	0.2642
rs101547	9	254700	0.2191
rs101548	11	254800	0.2275
rs101549	8	254900	0.2568
rs101550	5	255000	0.4033
rs101551	15	255100	0.4514
rs101552	14	255200	0.4799
rs101553	19	255300	0.4041
rs101555	5	255500	0.3597
rs101556	3	255600	0.2469
rs101558	11	255800	0.4284
rs101560	4	256000	0.4558
rs101561	15	256100	0.2577
rs101562	8	256200	0.3367
rs101563	14	256300	0.3467
rs101564	22	256400	0.4528
rs101565	12	256500	0.3365
rs101566	13	256600	0.3263
rs101568	20	256800	0.2833
rs101570	13	257000	0.3818
rs101571	13	257100	0.2805
rs101572	17	257200	0.3561
rs101575	5	257500	0.3723
rs101579	4	257900	0.4804
rs101580	21	258000	0.3819
rs101583	7	258300	0.2074
rs101584	14	258400	0.3986
rs101585	11	258500	0.3476
rs101589	18	258900	0.3471
rs101590	1	259000	0.394
rs101594	1	259400	0.4855
rs101596	6	259600	0.3962
rs101597	7	259700	0.3311
rs101598	10	259800	0.2219
rs101601	8	260100	0.3268
rs101602	2	260200	0.3986
rs101603	7	260300	0.3398
rs101604	13	260400	0.2886
rs101606	17	260600	0.4858
rs101607	3	260700	0.4094
rs101609	15	260900	0.491
rs101610	7	261000	0.3208
rs101611	3	261100	0.3121
rs101612	4	261200	0.3866
rs101613	11	261300	0.4153
rs101614	5	261400	0.3454
rs101617	16	261700	0.4676
rs101620	21	262000	0.2444
rs101621	3	262100	0.2477
rs101622	17	262200	0.3258
rs101623	17	262300	0.4744
rs101627	14	262700	0.4491
rs101628	3	262800	0.3406
rs101630	12	263000	0.4172
rs101631	6	263100	0.4376
rs101632	4	263200	0.4309
rs101633	12	263300	0.4635
rs101635	9	263500	0.3898
rs101636	5	263600	0.2572
rs101637	16	263700	0.4289
rs101638	17	263800	0.3778
rs101639	15	263900	0.3994
rs101640	4	264000	0.3453
rs101642	9	264200	0.2953
rs101643	8	264300	0.4931
rs101644	14	264400	0.4718
rs101648	8	264800	0.3767
rs101649	9	264900	0.418
rs101651	9	265100	0.2776
rs101652	6	265200	0.4283
rs101653	8	265300	0.3798
rs101654	8	265400	0.294
rs101655	8	265500	0.3157
rs101656	18	265600	0.2788
rs101658	13	265800	0.3043
rs101659	3	265900	0.36
rs101660	15	266000	0.443
rs101661	9	266100	0.3363
rs101662	10	266200	0.3925
rs101664	14	266400	0.2577
rs101667	22	266700	0.3769
rs101668	10	266800	0.4963
rs101670	19	267000	0.2307
rs101671	12	267100	0.41
rs101673	9	267300	0.2998
rs101674	7	267400	0.3799
rs101675	1	267500	0.3272
rs101677	15	267700	0.2099
rs101678	21	267800	0.4027
rs101679	11	267900	0.2994
rs101681	15	268100	0.3924
rs101683	12	268300	0.3856
rs101685	6	268500	0.4811
rs101689	4	268900	0.1875
rs101690	2	269000	0.4445
rs101691	12	269100	0.4984
rs101692	5	269200	0.2157
rs101693	11	269300	0.2519
rs101694	17	269400	0.3749
rs101695	12	269500	0.4488
rs101696	18	269600	0.3169
rs101697	13	269700	0.2262
rs101698	12	269800	0.2357
rs101699	21	269900	0.363
rs101701	1	270100	0.3288
rs101702	1	270200	0.21
rs101703	16	270300	0.4074
rs101705	20	270500	0.3147
rs101706	18	270600	0.2664
rs101707	11	270700	0.339
rs101709	10	270900	0.311
rs101710	18	271000	0.3027
rs101711	10	271100	0.3023
rs101712	14	271200	0.3216
rs101713	8	271300	0.3544
rs101714	15	271400	0.4122
rs101716	10	271600	0.4213
rs101717	20	271700	0.2742
rs101720	14	272000	0.2004
rs101721	6	272100	0.4032
rs101722	1	272200	0.3685
rs101723	6	272300	0.4049
rs101724	15	272400	0.2828
rs101725	20	272500	0.2481
rs101728	16	272800	0.2453
rs101731	12	273100	0.3192
rs101732	8	273200	0.381
rs101733	10	273300	0.4993
rs101734	2	273400	0.4699
rs101735	4	273500	0.3392
rs101737	13	273700	0.3363
rs101738	4	273800	0.4035
rs101740	2	274000	0.2345
rs101741	16	274100	0.4279
rs101742	8	274200	0.2227
rs101743	18	274300	0.3073
rs101744	4	274400	0.3145
rs101746	22	274600	0.213
rs101750	16	275000	0.4243
rs101752	22	275200	0.2831
rs101754	7	275400	0.4733
rs101756	8	275600	0.2433
rs101757	3	275700	0.4427
rs101758	2	275800	0.4289
rs101760	15	276000	0.4112
rs101761	6	276100	0.2562
rs101762	2	276200	0.2673
rs101765	18	276500	0.3776
rs101766	18	276600	0.2734
rs101767	1	276700	0.2466
rs101768	7	276800	0.3783
rs101769	6	276900	0.3945
rs101771	6	277100	0.3246
rs101773	13	277300	0.3881
rs101774	20	277400	0.3456
rs101775	8	277500	0.4805
rs101781	10	278100	0.4578
rs101782	9	278200	0.1623
rs101784	21	278400	0.3917
rs101785	13	278500	0.2524
rs101786	17	278600	0.3995
rs101788	14	278800	0.2694
rs101791	21	279100	0.4579
rs101793	17	279300	0.2896
rs101794	15	279400	0.235
rs101795	1	279500	0.2063
rs101796	3	279600	0.4549
rs101798	10	279800	0.3487
rs101799	13	279900	0.4835
rs101800	16	280000	0.3021
rs101801	17	280100	0.4716
rs101803	18	280300	0.2385
rs101805	10	280500	0.3789
rs101806	6	280600	0.4916
rs101808	4	280800	0.3444
rs101810	4	281000	0.3044
rs101811	3	281100	0.2588
rs101812	9	281200	0.4874
rs101813	1	281300	0.3238
rs101814	20	281400	0.2073
rs101819	19	281900	0.4328
rs101820	20	282000	0.3026
rs101821	3	282100	0.2855
rs101823	19	282300	0.4371
rs101824	13	282400	0.3753
rs101826	8	282600	0.3685
rs101827	14	282700	0.2946
rs101829	8	282900	0.2562
rs101830	13	283000	0.2681
rs101832	9	283200	0.4756
rs101833	6	283300	0.4325
rs101834	15	283400	0.3511
rs101835	13	283500	0.258
rs101836	1	283600	0.2353
rs101837	5	283700	0.3429
rs101838	11	283800	0.2954
rs101840	13	284000	0.2806
rs101841	7	284100	0.4129
rs101844	8	284400	0.4038
rs101849	14	284900	0.3905
rs101850	16	285000	0.2837
rs101852	4	285200	0.445
rs101853	8	285300	0.4458
rs101854	6	285400	0.4418
rs101856	17	285600	0.2531
rs101857	7	285700	0.4932
rs101858	10	285800	0.3974
rs101861	10	286100	0.2588
rs101862	16	286200	0.4591
rs101863	9	286300	0.2924
rs101864	18	286400	0.274
rs101866	15	286600	0.3456
rs101867	16	286700	0.4199
rs101869	22	286900	0.399
rs101870	12	287000	0.484
rs101872	21	287200	0.2855
rs101874	15	287400	0.4068
rs101875	18	287500	0.3099
rs101876	21	287600	0.3356
rs101877	19	287700	0.4091
rs101879	6	287900	0.4618
rs101880	2	288000	0.2899
rs101882	3	288200	0.3632
rs101883	9	288300	0.407
rs101884	17	288400	0.1925
rs101885	5	288500	0.4357
rs101886	13	288600	0.4578
rs101888	21	288800	0.4926
rs101892	13	289200	0.4523
rs101893	13	289300	0.3444
rs101895	10	289500	0.2481
rs101896	2	289600	0.3269
rs101898	16	289800	0.4471
rs101899	6	289900	0.4116
rs101900	12	290000	0.2773
rs101901	9	290100	0.4852
rs101902	20	290200	0.238
rs101903	3	290300	0.4928
rs101904	18	290400	0.3506
rs101905	1	290500	0.3356
rs101907	20	290700	0.4469
rs101908	21	290800	0.2424
rs101911	6	291100	0.3019
rs101912	10	291200	0.2873
rs101913	14	291300	0.3737
rs101914	1	291400	0.4506
rs101916	5	291600	0.3792
rs101918	2	291800	0.4362
rs101919	5	291900	0.4186
rs101920	21	292000	0.2934
rs101921	20	292100	0.3696
rs101923	16	292300	0.262
rs101924	7	292400	0.4197
rs101925	17	292500	0.2567
rs101927	6	292700	0.2724
rs101928	7	292800	0.4227
rs101931	2	293100	0.3704
rs101932	20	293200	0.4217
rs101936	6	293600	0.2066
rs101937	3	293700	0.2527
rs101938	16	293800	0.387
rs101939	7	293900	0.343
rs101940	12	294000	0.3294
rs101941	7	294100	0.2086
rs101942	18	294200	0.4287
rs101943	2	294300	0.2621
rs101944	21	294400	0.4906
rs101945	13	294500	0.3354
rs101947	7	294700	0.3543
rs101948	19	294800	0.1963
rs101949	5	294900	0.3588
rs101952	16	295200	0.4351
rs101954	9	295400	0.4267
rs101956	19	295600	0.3393
rs101957	5	295700	0.3624
rs101958	22	295800	0.2807
rs101963	12	296300	0.3439
rs101964	16	296400	0.4722
rs101965	14	296500	0.442
rs101966	6	296600	0.3947
rs101967	6	296700	0.4048
rs101968	2	296800	0.3492
rs101970	6	297000	0.4582
rs101971	16	297100	0.3518
rs101972	10	297200	0.3022
rs101974	22	297400	0.2512
rs101975	16	297500	0.2572
rs101976	7	297600	0.4391
rs101977	3	297700	0.296
rs101978	15	297800	0.2212
rs101979	1	297900	0.4896
rs101981	11	298100	0.2401
rs101983	22	298300	0.383
rs101984	12	298400	0.4631
rs101985	19	298500	0.176
rs101986	1	298600	0.4363
rs101988	21	298800	0.4598
rs101989	2	298900	0.3893
rs101990	9	299000	0.4122
rs101992	22	299200	0.4833
rs101993	9	299300	0.377
rs101995	22	299500	0.4232
rs101997	16	299700	0.4427
rs101999	16	299900	0.3667
