snp_id	chrom	pos	maf
rs100000	9	100000	0.3057
rs100001	15	100100	0.0922
rs100002	4	100200	0.2155
rs100003	17	100300	0.1693
rs100004	7	100400	0.1598
rs100005	13	100500	0.4879
rs100006	9	100600	0.2269
rs100007	19	100700	0.4514
rs100008	9	100800	0.334
rs100009	10	100900	0.4077
rs100010	13	101000	0.2762
rs100011	13	101100	0.3096
rs100012	22	101200	0.2716
rs100013	14	101300	0.1379
rs100014	1	101400	0.3751
rs100015	17	101500	0.1763
rs100016	14	101600	0.0609
rs100017	4	101700	0.3405
rs100018	22	101800	0.1297
rs100019	16	101900	0.4732
rs100020	17	102000	0.4793
rs100021	8	102100	0.4617
rs100022	8	102200	0.2166
rs100023	5	102300	0.057
rs100024	20	102400	0.4677
rs100025	15	102500	0.2427
rs100026	12	102600	0.485
rs100027	12	102700	0.4836
rs100028	22	102800	0.4339
rs100029	6	102900	0.1825
rs100030	11	103000	0.2233
rs100031	6	103100	0.433
rs100032	11	103200	0.1926
rs100033	20	103300	0.1263
rs100034	15	103400	0.3006
rs100035	6	103500	0.4713
rs100036	3	103600	0.3632
rs100037	3	103700	0.3065
rs100038	14	103800	0.0937
rs100039	21	103900	0.3268
rs100040	8	104000	0.4955
rs100041	13	104100	0.113
rs100042	5	104200	0.2832
rs100043	5	104300	0.4448
rs100044	1	104400	0.3833
rs100045	15	104500	0.3637
rs100046	1	104600	0.3661
rs100047	7	104700	0.2118
rs100048	22	104800	0.1821
rs100049	11	104900	0.4142
rs100050	5	105000	0.4146
rs100051	8	105100	0.4402
rs100052	22	105200	0.461
rs100053	1	105300	0.2801
rs100054	6	105400	0.2757
rs100055	11	105500	0.4092
rs100056	18	105600	0.3425
rs100057	10	105700	0.3659
rs100058	3	105800	0.4081
rs100059	9	105900	0.4505
rs100060	9	106000	0.2021
rs100061	3	106100	0.219
rs100062	15	106200	0.0923
rs100063	5	106300	0.3102
rs100064	4	106400	0.0662
rs100065	21	106500	0.2595
rs100066	21	106600	0.2942
rs100067	20	106700	0.1789
rs100068	21	106800	0.3159
rs100069	21	106900	0.0637
rs100070	9	107000	0.0668
rs100071	5	107100	0.4202
rs100072	22	107200	0.2121
rs100073	8	107300	0.1072
rs100074	11	107400	0.285
rs100075	2	107500	0.3965
rs100076	13	107600	0.1471
rs100077	17	107700	0.3303
rs100078	8	107800	0.0884
rs100079	20	107900	0.0733
rs100080	6	108000	0.2891
rs100081	12	108100	0.2933
rs100082	9	108200	0.3368
rs100083	15	108300	0.3767
rs100084	15	108400	0.4891
rs100085	5	108500	0.2823
rs100086	13	108600	0.1953
rs100087	21	108700	0.4078
rs100088	20	108800	0.1719
rs100089	14	108900	0.2475
rs100090	14	109000	0.0853
rs100091	11	109100	0.0614
rs100092	13	109200	0.4832
rs100093	2	109300	0.4262
rs100094	8	109400	0.3632
rs100095	1	109500	0.234
rs100096	9	109600	0.128
rs100097	17	109700	0.1204
rs100098	8	109800	0.1626
rs100099	21	109900	0.2972
rs100100	18	110000	0.3716
rs100101	2	110100	0.3471
rs100102	12	110200	0.176
rs100103	15	110300	0.4797
rs100104	1	110400	0.3821
rs100105	8	110500	0.2995
rs100106	10	110600	0.3253
rs100107	16	110700	0.2388
rs100108	5	110800	0.1615
rs100109	21	110900	0.2102
rs100110	19	111000	0.391
rs100111	9	111100	0.0565
rs100112	19	111200	0.1022
rs100113	3	111300	0.0707
rs100114	21	111400	0.0683
rs100115	4	111500	0.435
rs100116	1	111600	0.3666
rs100117	18	111700	0.2634
rs100118	13	111800	0.094
rs100119	14	111900	0.2712
rs100120	12	112000	0.2631
rs100121	17	112100	0.1279
rs100122	14	112200	0.2452
rs100123	15	112300	0.2293
rs100124	15	112400	0.3271
rs100125	13	112500	0.3358
rs100126	17	112600	0.0704
rs100127	18	112700	0.2186
rs100128	21	112800	0.3316
rs100129	19	112900	0.2764
rs100130	19	113000	0.4354
rs100131	14	113100	0.3464
rs100132	6	113200	0.1233
rs100133	1	113300	0.0818
rs100134	2	113400	0.3391
rs100135	16	113500	0.0619
rs100136	2	113600	0.3136
rs100137	14	113700	0.4731
rs100138	19	113800	0.309
rs100139	18	113900	0.2247
rs100140	7	114000	0.3395
rs100141	8	114100	0.2562
rs100142	7	114200	0.2955
rs100143	7	114300	0.4737
rs100144	12	114400	0.2237
rs100145	6	114500	0.4825
rs100146	16	114600	0.4574
rs100147	11	114700	0.1381
rs100148	15	114800	0.0812
rs100149	12	114900	0.0954
rs100150	21	115000	0.0582
rs100151	17	115100	0.0925
rs100152	19	115200	0.3574
rs100153	16	115300	0.082
rs100154	10	115400	0.1935
rs100155	14	115500	0.4302
rs100156	5	115600	0.0605
rs100157	17	115700	0.4165
rs100158	7	115800	0.1768
rs100159	10	115900	0.1032
rs100160	15	116000	0.3635
rs100161	13	116100	0.333
rs100162	3	116200	0.4449
rs100163	5	116300	0.3808
rs100164	20	116400	0.4116
rs100165	22	116500	0.1769
rs100166	3	116600	0.1298
rs100167	9	116700	0.3878
rs100168	20	116800	0.4131
rs100169	20	116900	0.4957
rs100170	8	117000	0.2357
rs100171	21	117100	0.2174
rs100172	8	117200	0.3994
rs100173	4	117300	0.2034
rs100174	18	117400	0.4688
rs100175	11	117500	0.4363
rs100176	14	117600	0.243
rs100177	18	117700	0.3879
rs100178	12	117800	0.3895
rs100179	22	117900	0.0964
rs100180	17	118000	0.4561
rs100181	18	118100	0.2774
rs100182	1	118200	0.4219
rs100183	3	118300	0.194
rs100184	13	118400	0.453
rs100185	10	118500	0.2251
rs100186	3	118600	0.0549
rs100187	9	118700	0.4574
rs100188	20	118800	0.0911
rs100189	15	118900	0.1937
rs100190	5	119000	0.4775
rs100191	10	119100	0.4778
rs100192	18	119200	0.308
rs100193	4	119300	0.3343
rs100194	10	119400	0.2518
rs100195	3	119500	0.1819
rs100196	16	119600	0.1979
rs100197	11	119700	0.3526
rs100198	1	119800	0.3886
rs100199	6	119900	0.4062
rs100200	16	120000	0.4053
rs100201	4	120100	0.091
rs100202	14	120200	0.2725
rs100203	11	120300	0.0759
rs100204	14	120400	0.2973
rs100205	7	120500	0.2487
rs100206	16	120600	0.4495
rs100207	21	120700	0.2079
rs100208	20	120800	0.1027
rs100209	11	120900	0.1143
rs100210	21	121000	0.3927
rs100211	14	121100	0.3282
rs100212	19	121200	0.0955
rs100213	15	121300	0.0878
rs100214	4	121400	0.3654
rs100215	1	121500	0.0827
rs100216	11	121600	0.4198
rs100217	11	121700	0.3678
rs100218	14	121800	0.0866
rs100219	8	121900	0.0882
rs100220	5	122000	0.494
rs100221	7	122100	0.2184
rs100222	20	122200	0.2168
rs100223	21	122300	0.4158
rs100224	3	122400	0.4763
rs100225	14	122500	0.4937
rs100226	2	122600	0.389
rs100227	22	122700	0.2193
rs100228	19	122800	0.0876
rs100229	9	122900	0.3997
rs100230	8	123000	0.3013
rs100231	12	123100	0.2409
rs100232	18	123200	0.4579
rs100233	1	123300	0.1
rs100234	22	123400	0.2717
rs100235	18	123500	0.0551
rs100236	16	123600	0.2609
rs100237	5	123700	0.0753
rs100238	16	123800	0.1035
rs100239	9	123900	0.1029
rs100240	16	124000	0.3421
rs100241	6	124100	0.3857
rs100242	7	124200	0.3125
rs100243	21	124300	0.483
rs100244	7	124400	0.2187
rs100245	14	124500	0.1786
rs100246	11	124600	0.4409
rs100247	19	124700	0.1506
rs100248	10	124800	0.4835
rs100249	19	124900	0.0555
rs100250	3	125000	0.4864
rs100251	21	125100	0.0694
rs100252	2	125200	0.451
rs100253	21	125300	0.2875
rs100254	4	125400	0.4968
rs100255	3	125500	0.0832
rs100256	19	125600	0.2992
rs100257	16	125700	0.4862
rs100258	11	125800	0.2854
rs100259	8	125900	0.3332
rs100260	18	126000	0.3631
rs100261	7	126100	0.2545
rs100262	10	126200	0.3324
rs100263	15	126300	0.3129
rs100264	12	126400	0.4555
rs100265	13	126500	0.0705
rs100266	13	126600	0.1764
rs100267	4	126700	0.4777
rs100268	3	126800	0.4506
rs100269	10	126900	0.255
rs100270	4	127000	0.3291
rs100271	4	127100	0.1748
rs100272	13	127200	0.1347
rs100273	17	127300	0.2587
rs100274	18	127400	0.209
rs100275	13	127500	0.3126
rs100276	10	127600	0.085
rs100277	13	127700	0.4885
rs100278	4	127800	0.4938
rs100279	11	127900	0.3642
rs100280	16	128000	0.2912
rs100281	17	128100	0.1893
rs100282	14	128200	0.4162
rs100283	3	128300	0.3581
rs100284	7	128400	0.1232
rs100285	22	128500	0.4599
rs100286	3	128600	0.4201
rs100287	9	128700	0.4774
rs100288	11	128800	0.3766
rs100289	13	128900	0.326
rs100290	13	129000	0.2382
rs100291	10	129100	0.4697
rs100292	18	129200	0.4397
rs100293	18	129300	0.0703
rs100294	3	129400	0.0619
rs100295	14	129500	0.2194
rs100296	21	129600	0.4147
rs100297	1	129700	0.4943
rs100298	19	129800	0.1177
rs100299	3	129900	0.3174
rs100300	21	130000	0.2214
rs100301	16	130100	0.4865
rs100302	2	130200	0.429
rs100303	12	130300	0.4272
rs100304	13	130400	0.2609
rs100305	16	130500	0.2367
rs100306	16	130600	0.173
rs100307	16	130700	0.0754
rs100308	4	130800	0.4391
rs100309	16	130900	0.4158
rs100310	19	131000	0.4999
rs100311	11	131100	0.4985
rs100312	4	131200	0.2999
rs100313	11	131300	0.396
rs100314	14	131400	0.4751
rs100315	20	131500	0.4323
rs100316	3	131600	0.1613
rs100317	16	131700	0.2527
rs100318	4	131800	0.1081
rs100319	15	131900	0.4793
rs100320	4	132000	0.3228
rs100321	20	132100	0.1529
rs100322	3	132200	0.3523
rs100323	10	132300	0.3282
rs100324	17	132400	0.2112
rs100325	2	132500	0.1011
rs100326	8	132600	0.3522
rs100327	21	132700	0.2841
rs100328	10	132800	0.3975
rs100329	5	132900	0.2841
rs100330	12	133000	0.4335
rs100331	4	133100	0.2984
rs100332	9	133200	0.3024
rs100333	19	133300	0.4445
rs100334	15	133400	0.2316
rs100335	18	133500	0.1103
rs100336	4	133600	0.063
rs100337	19	133700	0.3898
rs100338	10	133800	0.3291
rs100339	2	133900	0.3668
rs100340	14	134000	0.1458
rs100341	14	134100	0.1114
rs100342	8	134200	0.0565
rs100343	21	134300	0.2078
rs100344	22	134400	0.3155
rs100345	12	134500	0.2265
rs100346	22	134600	0.2469
rs100347	14	134700	0.4569
rs100348	22	134800	0.2067
rs100349	6	134900	0.2813
rs100350	7	135000	0.4026
rs100351	14	135100	0.2284
rs100352	4	135200	0.3299
rs100353	21	135300	0.4381
rs100354	17	135400	0.4773
rs100355	9	135500	0.1162
rs100356	9	135600	0.467
rs100357	11	135700	0.2715
rs100358	22	135800	0.1662
rs100359	21	135900	0.2566
rs100360	22	136000	0.491
rs100361	14	136100	0.2717
rs100362	1	136200	0.1979
rs100363	13	136300	0.335
rs100364	1	136400	0.1581
rs100365	12	136500	0.0841
rs100366	21	136600	0.108
rs100367	1	136700	0.1076
rs100368	18	136800	0.1184
rs100369	11	136900	0.1125
rs100370	3	137000	0.3384
rs100371	16	137100	0.1318
rs100372	4	137200	0.2056
rs100373	2	137300	0.4536
rs100374	15	137400	0.2633
rs100375	22	137500	0.3504
rs100376	7	137600	0.1275
rs100377	13	137700	0.1365
rs100378	13	137800	0.0684
rs100379	13	137900	0.126
rs100380	11	138000	0.1754
rs100381	12	138100	0.1297
rs100382	14	138200	0.0899
rs100383	9	138300	0.1043
rs100384	10	138400	0.2574
rs100385	4	138500	0.1429
rs100386	8	138600	0.2139
rs100387	7	138700	0.2765
rs100388	17	138800	0.3607
rs100389	7	138900	0.0677
rs100390	22	139000	0.4097
rs100391	13	139100	0.3326
rs100392	11	139200	0.0868
rs100393	12	139300	0.4431
rs100394	12	139400	0.4644
rs100395	1	139500	0.0775
rs100396	10	139600	0.1746
rs100397	10	139700	0.4128
rs100398	20	139800	0.3867
rs100399	8	139900	0.133
rs100400	19	140000	0.1442
rs100401	13	140100	0.2167
rs100402	14	140200	0.268
rs100403	5	140300	0.3282
rs100404	15	140400	0.216
rs100405	20	140500	0.2581
rs100406	4	140600	0.3864
rs100407	21	140700	0.0665
rs100408	21	140800	0.1636
rs100409	17	140900	0.371
rs100410	19	141000	0.4528
rs100411	15	141100	0.2803
rs100412	9	141200	0.2895
rs100413	17	141300	0.0982
rs100414	15	141400	0.2513
rs100415	18	141500	0.2897
rs100416	21	141600	0.1591
rs100417	14	141700	0.1712
rs100418	1	141800	0.2198
rs100419	7	141900	0.059
rs100420	18	142000	0.1949
rs100421	4	142100	0.1452
rs100422	21	142200	0.1974
rs100423	7	142300	0.1039
rs100424	18	142400	0.4507
rs100425	19	142500	0.3171
rs100426	16	142600	0.3556
rs100427	19	142700	0.4051
rs100428	21	142800	0.2743
rs100429	6	142900	0.0891
rs100430	11	143000	0.2917
rs100431	19	143100	0.3141
rs100432	9	143200	0.3854
rs100433	16	143300	0.2442
rs100434	2	143400	0.1074
rs100435	22	143500	0.1777
rs100436	9	143600	0.2134
rs100437	8	143700	0.3407
rs100438	3	143800	0.3069
rs100439	11	143900	0.2102
rs100440	18	144000	0.4939
rs100441	14	144100	0.3226
rs100442	4	144200	0.1568
rs100443	8	144300	0.0958
rs100444	8	144400	0.1188
rs100445	3	144500	0.1607
rs100446	10	144600	0.1223
rs100447	10	144700	0.134
rs100448	1	144800	0.1783
rs100449	5	144900	0.128
rs100450	8	145000	0.4535
rs100451	4	145100	0.0861
rs100452	10	145200	0.286
rs100453	2	145300	0.2347
rs100454	5	145400	0.4921
rs100455	20	145500	0.1004
rs100456	10	145600	0.229
rs100457	17	145700	0.4863
rs100458	2	145800	0.4395
rs100459	20	145900	0.4177
rs100460	11	146000	0.1661
rs100461	6	146100	0.1269
rs100462	16	146200	0.3509
rs100463	2	146300	0.4682
rs100464	11	146400	0.3005
rs100465	2	146500	0.3072
rs100466	11	146600	0.176
rs100467	18	146700	0.3963
rs100468	17	146800	0.1342
rs100469	22	146900	0.1957
rs100470	16	147000	0.2414
rs100471	14	147100	0.2784
rs100472	22	147200	0.1591
rs100473	6	147300	0.1017
rs100474	11	147400	0.3248
rs100475	13	147500	0.1799
rs100476	1	147600	0.3116
rs100477	6	147700	0.1195
rs100478	12	147800	0.2665
rs100479	11	147900	0.2897
rs100480	20	148000	0.0733
rs100481	2	148100	0.2015
rs100482	11	148200	0.1105
rs100483	14	148300	0.0785
rs100484	18	148400	0.4955
rs100485	22	148500	0.1951
rs100486	1	148600	0.4144
rs100487	15	148700	0.1646
rs100488	4	148800	0.3567
rs100489	12	148900	0.3921
rs100490	1	149000	0.318
rs100491	20	149100	0.2622
rs100492	17	149200	0.2353
rs100493	19	149300	0.207
rs100494	18	149400	0.4683
rs100495	3	149500	0.4238
rs100496	5	149600	0.4843
rs100497	1	149700	0.1059
rs100498	8	149800	0.3789
rs100499	4	149900	0.4723
rs100500	5	150000	0.1316
rs100501	12	150100	0.0799
rs100502	10	150200	0.3835
rs100503	5	150300	0.3085
rs100504	3	150400	0.4288
rs100505	14	150500	0.1129
rs100506	10	150600	0.4079
rs100507	3	150700	0.1407
rs100508	2	150800	0.1236
rs100509	22	150900	0.1239
rs100510	18	151000	0.4166
rs100511	21	151100	0.3493
rs100512	13	151200	0.2854
rs100513	21	151300	0.2115
rs100514	16	151400	0.4447
rs100515	18	151500	0.2266
rs100516	13	151600	0.4175
rs100517	1	151700	0.2476
rs100518	17	151800	0.2196
rs100519	2	151900	0.2582
rs100520	4	152000	0.1856
rs100521	21	152100	0.3864
rs100522	1	152200	0.2762
rs100523	12	152300	0.1545
rs100524	9	152400	0.4548
rs100525	11	152500	0.2228
rs100526	17	152600	0.2946
rs100527	19	152700	0.4579
rs100528	10	152800	0.3309
rs100529	9	152900	0.1026
rs100530	4	153000	0.4729
rs100531	15	153100	0.3325
rs100532	2	153200	0.2007
rs100533	4	153300	0.1127
rs100534	13	153400	0.4073
rs100535	11	153500	0.329
rs100536	19	153600	0.2901
rs100537	13	153700	0.4523
rs100538	14	153800	0.4049
rs100539	9	153900	0.1183
rs100540	8	154000	0.1903
rs100541	1	154100	0.1618
rs100542	20	154200	0.3848
rs100543	2	154300	0.0651
rs100544	13	154400	0.3065
rs100545	12	154500	0.3931
rs100546	7	154600	0.4445
rs100547	7	154700	0.2039
rs100548	22	154800	0.4196
rs100549	8	154900	0.0998
rs100550	15	155000	0.4309
rs100551	2	155100	0.1074
rs100552	19	155200	0.2288
rs100553	12	155300	0.4088
rs100554	14	155400	0.1175
rs100555	12	155500	0.1532
rs100556	8	155600	0.375
rs100557	6	155700	0.374
rs100558	10	155800	0.3385
rs100559	20	155900	0.3623
rs100560	8	156000	0.2942
rs100561	15	156100	0.1633
rs100562	8	156200	0.2056
rs100563	13	156300	0.1317
rs100564	16	156400	0.4588
rs100565	19	156500	0.3125
rs100566	1	156600	0.2304
rs100567	14	156700	0.2579
rs100568	8	156800	0.4763
rs100569	10	156900	0.119
rs100570	1	157000	0.3138
rs100571	21	157100	0.2776
rs100572	20	157200	0.3252
rs100573	17	157300	0.0581
rs100574	13	157400	0.4425
rs100575	19	157500	0.4695
rs100576	17	157600	0.3043
rs100577	16	157700	0.3635
rs100578	15	157800	0.4651
rs100579	11	157900	0.3683
rs100580	3	158000	0.1186
rs100581	14	158100	0.3093
rs100582	20	158200	0.323
rs100583	5	158300	0.2409
rs100584	20	158400	0.3814
rs100585	1	158500	0.4705
rs100586	20	158600	0.4665
rs100587	15	158700	0.2529
rs100588	9	158800	0.101
rs100589	6	158900	0.4932
rs100590	16	159000	0.4275
rs100591	19	159100	0.1061
rs100592	14	159200	0.4644
rs100593	2	159300	0.4415
rs100594	11	159400	0.2835
rs100595	14	159500	0.3161
rs100596	17	159600	0.2296
rs100597	6	159700	0.0746
rs100598	6	159800	0.2008
rs100599	9	159900	0.4113
rs100600	7	160000	0.0521
rs100601	2	160100	0.2001
rs100602	17	160200	0.2292
rs100603	14	160300	0.2918
rs100604	2	160400	0.4639
rs100605	22	160500	0.2059
rs100606	7	160600	0.2061
rs100607	16	160700	0.3819
rs100608	17	160800	0.2535
rs100609	14	160900	0.1511
rs100610	13	161000	0.2536
rs100611	6	161100	0.1134
rs100612	16	161200	0.1294
rs100613	7	161300	0.2743
rs100614	5	161400	0.2385
rs100615	13	161500	0.4617
rs100616	13	161600	0.2131
rs100617	19	161700	0.3113
rs100618	9	161800	0.3345
rs100619	7	161900	0.0559
rs100620	10	162000	0.3486
rs100621	7	162100	0.1301
rs100622	15	162200	0.4825
rs100623	12	162300	0.1169
rs100624	1	162400	0.2366
rs100625	1	162500	0.0884
rs100626	7	162600	0.4986
rs100627	13	162700	0.276
rs100628	11	162800	0.3179
rs100629	6	162900	0.0802
rs100630	13	163000	0.3875
rs100631	17	163100	0.1445
rs100632	7	163200	0.4541
rs100633	15	163300	0.1423
rs100634	15	163400	0.1358
rs100635	9	163500	0.0664
rs100636	5	163600	0.2624
rs100637	9	163700	0.3042
rs100638	9	163800	0.0796
rs100639	9	163900	0.399
rs100640	14	164000	0.254
rs100641	17	164100	0.286
rs100642	8	164200	0.2483
rs100643	16	164300	0.2303
rs100644	2	164400	0.3018
rs100645	18	164500	0.1199
rs100646	11	164600	0.1319
rs100647	13	164700	0.4378
rs100648	7	164800	0.4758
rs100649	3	164900	0.218
rs100650	20	165000	0.1718
rs100651	21	165100	0.3398
rs100652	13	165200	0.2339
rs100653	8	165300	0.0614
rs100654	17	165400	0.1203
rs100655	21	165500	0.3722
rs100656	18	165600	0.3465
rs100657	20	165700	0.0622
rs100658	15	165800	0.1499
rs100659	4	165900	0.154
rs100660	20	166000	0.3524
rs100661	14	166100	0.0589
rs100662	2	166200	0.0968
rs100663	6	166300	0.41
rs100664	4	166400	0.1303
rs100665	17	166500	0.3437
rs100666	2	166600	0.1572
rs100667	18	166700	0.0947
rs100668	19	166800	0.1594
rs100669	10	166900	0.375
rs100670	16	167000	0.4351
rs100671	8	167100	0.4236
rs100672	9	167200	0.2287
rs100673	5	167300	0.3506
rs100674	3	167400	0.1422
rs100675	6	167500	0.1819
rs100676	11	167600	0.4534
rs100677	6	167700	0.0559
rs100678	12	167800	0.0885
rs100679	4	167900	0.1435
rs100680	19	168000	0.0619
rs100681	20	168100	0.1316
rs100682	6	168200	0.3124
rs100683	22	168300	0.2396
rs100684	3	168400	0.4517
rs100685	4	168500	0.4178
rs100686	3	168600	0.2038
rs100687	18	168700	0.1667
rs100688	22	168800	0.2209
rs100689	3	168900	0.3156
rs100690	1	169000	0.1706
rs100691	7	169100	0.3309
rs100692	7	169200	0.2342
rs100693	9	169300	0.2984
rs100694	4	169400	0.2463
rs100695	1	169500	0.1825
rs100696	12	169600	0.4768
rs100697	13	169700	0.3936
rs100698	13	169800	0.1131
rs100699	11	169900	0.4408
rs100700	5	170000	0.2693
rs100701	19	170100	0.4525
rs100702	13	170200	0.4099
rs100703	4	170300	0.2413
rs100704	21	170400	0.0601
rs100705	5	170500	0.1709
rs100706	19	170600	0.2937
rs100707	4	170700	0.3351
rs100708	5	170800	0.166
rs100709	8	170900	0.1127
rs100710	19	171000	0.4257
rs100711	11	171100	0.493
rs100712	11	171200	0.2866
rs100713	10	171300	0.1273
rs100714	2	171400	0.1725
rs100715	17	171500	0.0583
rs100716	21	171600	0.4614
rs100717	1	171700	0.103
rs100718	15	171800	0.3094
rs100719	2	171900	0.1733
rs100720	18	172000	0.2994
rs100721	20	172100	0.3431
rs100722	16	172200	0.4234
rs100723	21	172300	0.1429
rs100724	12	172400	0.0549
rs100725	14	172500	0.1116
rs100726	11	172600	0.455
rs100727	5	172700	0.4433
rs100728	13	172800	0.3188
rs100729	21	172900	0.3202
rs100730	10	173000	0.3493
rs100731	3	173100	0.1289
rs100732	7	173200	0.4615
rs100733	8	173300	0.2384
rs100734	14	173400	0.2224
rs100735	1	173500	0.2835
rs100736	20	173600	0.0711
rs100737	14	173700	0.1248
rs100738	22	173800	0.3821
rs100739	9	173900	0.0873
rs100740	2	174000	0.3214
rs100741	12	174100	0.1604
rs100742	15	174200	0.2252
rs100743	4	174300	0.1799
rs100744	18	174400	0.2101
rs100745	7	174500	0.3736
rs100746	10	174600	0.1837
rs100747	8	174700	0.3049
rs100748	20	174800	0.2642
rs100749	15	174900	0.3487
rs100750	9	175000	0.4716
rs100751	5	175100	0.3797
rs100752	18	175200	0.1467
rs100753	17	175300	0.064
rs100754	2	175400	0.168
rs100755	8	175500	0.3178
rs100756	18	175600	0.0731
rs100757	20	175700	0.2734
rs100758	18	175800	0.3186
rs100759	10	175900	0.2004
rs100760	11	176000	0.3969
rs100761	1	176100	0.098
rs100762	10	176200	0.0838
rs100763	3	176300	0.3777
rs100764	20	176400	0.273
rs100765	3	176500	0.3598
rs100766	14	176600	0.2457
rs100767	22	176700	0.1609
rs100768	3	176800	0.4186
rs100769	5	176900	0.4097
rs100770	12	177000	0.3626
rs100771	17	177100	0.1725
rs100772	15	177200	0.3156
rs100773	14	177300	0.2124
rs100774	4	177400	0.0912
rs100775	21	177500	0.4628
rs100776	21	177600	0.1116
rs100777	19	177700	0.4776
rs100778	19	177800	0.2507
rs100779	1	177900	0.1333
rs100780	19	178000	0.2939
rs100781	18	178100	0.4428
rs100782	16	178200	0.3795
rs100783	16	178300	0.413
rs100784	2	178400	0.3465
rs100785	10	178500	0.3615
rs100786	17	178600	0.4321
rs100787	12	178700	0.1624
rs100788	4	178800	0.2702
rs100789	15	178900	0.1495
rs100790	22	179000	0.4945
rs100791	1	179100	0.4748
rs100792	3	179200	0.0677
rs100793	6	179300	0.3675
rs100794	16	179400	0.4664
rs100795	20	179500	0.1313
rs100796	9	179600	0.3056
rs100797	20	179700	0.462
rs100798	14	179800	0.0653
rs100799	3	179900	0.3638
rs100800	20	180000	0.1838
rs100801	5	180100	0.466
rs100802	7	180200	0.487
rs100803	16	180300	0.4749
rs100804	6	180400	0.2634
rs100805	12	180500	0.4379
rs100806	18	180600	0.43
rs100807	11	180700	0.1936
rs100808	14	180800	0.423
rs100809	2	180900	0.0667
rs100810	4	181000	0.3183
rs100811	5	181100	0.1535
rs100812	19	181200	0.1043
rs100813	7	181300	0.0846
rs100814	13	181400	0.3633
rs100815	20	181500	0.2029
rs100816	21	181600	0.3761
rs100817	14	181700	0.0794
rs100818	8	181800	0.1919
rs100819	8	181900	0.2928
rs100820	5	182000	0.4058
rs100821	14	182100	0.1934
rs100822	16	182200	0.3317
rs100823	15	182300	0.4487
rs100824	21	182400	0.3271
rs100825	15	182500	0.1548
rs100826	20	182600	0.061
rs100827	11	182700	0.4415
rs100828	22	182800	0.0596
rs100829	20	182900	0.4436
rs100830	21	183000	0.288
rs100831	20	183100	0.4726
rs100832	2	183200	0.4095
rs100833	19	183300	0.4991
rs100834	12	183400	0.2078
rs100835	1	183500	0.3952
rs100836	9	183600	0.2309
rs100837	2	183700	0.2659
rs100838	8	183800	0.3324
rs100839	12	183900	0.4432
rs100840	17	184000	0.4928
rs100841	3	184100	0.3957
rs100842	17	184200	0.238
rs100843	8	184300	0.2396
rs100844	17	184400	0.3819
rs100845	2	184500	0.1574
rs100846	20	184600	0.0997
rs100847	14	184700	0.2096
rs100848	1	184800	0.1793
rs100849	14	184900	0.1833
rs100850	11	185000	0.1551
rs100851	16	185100	0.0689
rs100852	10	185200	0.058
rs100853	7	185300	0.4945
rs100854	4	185400	0.2425
rs100855	4	185500	0.2229
rs100856	13	185600	0.3558
rs100857	20	185700	0.1482
rs100858	14	185800	0.4775
rs100859	9	185900	0.4039
rs100860	17	186000	0.0902
rs100861	16	186100	0.2379
rs100862	7	186200	0.4456
rs100863	21	186300	0.4751
rs100864	9	186400	0.2603
rs100865	4	186500	0.326
rs100866	4	186600	0.1252
rs100867	12	186700	0.496
rs100868	21	186800	0.1543
rs100869	18	186900	0.4742
rs100870	2	187000	0.3423
rs100871	22	187100	0.3235
rs100872	7	187200	0.2807
rs100873	9	187300	0.1538
rs100874	20	187400	0.1294
rs100875	1	187500	0.1492
rs100876	8	187600	0.1339
rs100877	3	187700	0.4008
rs100878	3	187800	0.2076
rs100879	5	187900	0.076
rs100880	22	188000	0.4861
rs100881	7	188100	0.4477
rs100882	21	188200	0.4675
rs100883	5	188300	0.4977
rs100884	1	188400	0.1283
rs100885	8	188500	0.2283
rs100886	18	188600	0.3912
rs100887	18	188700	0.3632
rs100888	10	188800	0.1193
rs100889	14	188900	0.4171
rs100890	17	189000	0.151
rs100891	16	189100	0.1507
rs100892	11	189200	0.2916
rs100893	2	189300	0.3168
rs100894	12	189400	0.311
rs100895	21	189500	0.0912
rs100896	21	189600	0.4449
rs100897	10	189700	0.1695
rs100898	15	189800	0.1083
rs100899	6	189900	0.4499
rs100900	6	190000	0.48
rs100901	19	190100	0.438
rs100902	11	190200	0.4143
rs100903	8	190300	0.3449
rs100904	7	190400	0.2979
rs100905	9	190500	0.0891
rs100906	1	190600	0.2338
rs100907	19	190700	0.2177
rs100908	4	190800	0.1669
rs100909	11	190900	0.3755
rs100910	15	191000	0.2731
rs100911	20	191100	0.0865
rs100912	20	191200	0.1491
rs100913	13	191300	0.3575
rs100914	4	191400	0.0843
rs100915	12	191500	0.433
rs100916	18	191600	0.2728
rs100917	17	191700	0.2663
rs100918	12	191800	0.3166
rs100919	6	191900	0.4211
rs100920	10	192000	0.2065
rs100921	2	192100	0.3551
rs100922	5	192200	0.3046
rs100923	20	192300	0.1702
rs100924	10	192400	0.4454
rs100925	20	192500	0.4088
rs100926	21	192600	0.3463
rs100927	18	192700	0.4328
rs100928	8	192800	0.4403
rs100929	14	192900	0.3688
rs100930	15	193000	0.4267
rs100931	4	193100	0.3639
rs100932	1	193200	0.3561
rs100933	13	193300	0.3284
rs100934	1	193400	0.3887
rs100935	14	193500	0.1214
rs100936	14	193600	0.4464
rs100937	18	193700	0.4423
rs100938	2	193800	0.0632
rs100939	5	193900	0.4216
rs100940	18	194000	0.108
rs100941	5	194100	0.2008
rs100942	3	194200	0.3846
rs100943	19	194300	0.1223
rs100944	9	194400	0.4181
rs100945	3	194500	0.4245
rs100946	6	194600	0.2784
rs100947	22	194700	0.0529
rs100948	12	194800	0.1792
rs100949	6	194900	0.3276
rs100950	18	195000	0.4915
rs100951	16	195100	0.3343
rs100952	4	195200	0.1669
rs100953	19	195300	0.3353
rs100954	9	195400	0.293
rs100955	7	195500	0.4009
rs100956	11	195600	0.0981
rs100957	8	195700	0.3925
rs100958	10	195800	0.2936
rs100959	6	195900	0.4833
rs100960	15	196000	0.2038
rs100961	5	196100	0.3347
rs100962	1	196200	0.4694
rs100963	11	196300	0.0961
rs100964	8	196400	0.4718
rs100965	10	196500	0.3595
rs100966	12	196600	0.0805
rs100967	16	196700	0.1854
rs100968	5	196800	0.3687
rs100969	16	196900	0.0803
rs100970	18	197000	0.312
rs100971	12	197100	0.2056
rs100972	13	197200	0.3294
rs100973	8	197300	0.0706
rs100974	1	197400	0.4422
rs100975	14	197500	0.4881
rs100976	2	197600	0.486
rs100977	3	197700	0.3873
rs100978	7	197800	0.1085
rs100979	21	197900	0.3912
rs100980	20	198000	0.0611
rs100981	17	198100	0.06
rs100982	10	198200	0.1956
rs100983	11	198300	0.2699
rs100984	19	198400	0.3967
rs100985	11	198500	0.3575
rs100986	22	198600	0.2507
rs100987	3	198700	0.1731
rs100988	15	198800	0.4987
rs100989	6	198900	0.2418
rs100990	17	199000	0.2531
rs100991	21	199100	0.1236
rs100992	2	199200	0.4077
rs100993	12	199300	0.3622
rs100994	2	199400	0.1493
rs100995	17	199500	0.0871
rs100996	20	199600	0.3562
rs100997	20	199700	0.3445
rs100998	12	199800	0.173
rs100999	21	199900	0.4779
rs101000	11	200000	0.118
rs101001	2	200100	0.2446
rs101002	16	200200	0.4746
rs101003	20	200300	0.2389
rs101004	12	200400	0.3373
rs101005	3	200500	0.2289
rs101006	19	200600	0.1734
rs101007	18	200700	0.4928
rs101008	15	200800	0.2342
rs101009	17	200900	0.4523
rs101010	13	201000	0.1535
rs101011	12	201100	0.1459
rs101012	15	201200	0.064
rs101013	7	201300	0.3433
rs101014	10	201400	0.2158
rs101015	19	201500	0.439
rs101016	14	201600	0.2629
rs101017	17	201700	0.4857
rs101018	4	201800	0.1335
rs101019	16	201900	0.4409
rs101020	7	202000	0.3995
rs101021	9	202100	0.3969
rs101022	3	202200	0.4302
rs101023	22	202300	0.3925
rs101024	7	202400	0.3318
rs101025	13	202500	0.1091
rs101026	9	202600	0.0646
rs101027	12	202700	0.4644
rs101028	18	202800	0.3275
rs101029	21	202900	0.4084
rs101030	17	203000	0.2667
rs101031	6	203100	0.1028
rs101032	5	203200	0.1063
rs101033	6	203300	0.3585
rs101034	11	203400	0.2436
rs101035	4	203500	0.1402
rs101036	12	203600	0.2712
rs101037	14	203700	0.0789
rs101038	16	203800	0.3119
rs101039	17	203900	0.171
rs101040	18	204000	0.4089
rs101041	6	204100	0.1897
rs101042	3	204200	0.2548
rs101043	13	204300	0.0552
rs101044	6	204400	0.0826
rs101045	5	204500	0.2266
rs101046	1	204600	0.266
rs101047	2	204700	0.32
rs101048	19	204800	0.1812
rs101049	14	204900	0.3627
rs101050	14	205000	0.4371
rs101051	21	205100	0.4009
rs101052	13	205200	0.0678
rs101053	16	205300	0.2662
rs101054	21	205400	0.0972
rs101055	15	205500	0.1589
rs101056	11	205600	0.494
rs101057	22	205700	0.1141
rs101058	13	205800	0.2745
rs101059	10	205900	0.3282
rs101060	6	206000	0.3661
rs101061	3	206100	0.3018
rs101062	16	206200	0.0544
rs101063	12	206300	0.1969
rs101064	8	206400	0.283
rs101065	4	206500	0.0895
rs101066	11	206600	0.2078
rs101067	21	206700	0.0649
rs101068	22	206800	0.0854
rs101069	21	206900	0.2286
rs101070	18	207000	0.1097
rs101071	13	207100	0.3054
rs101072	18	207200	0.3603
rs101073	8	207300	0.4103
rs101074	7	207400	0.1401
rs101075	20	207500	0.1254
rs101076	6	207600	0.0971
rs101077	8	207700	0.3364
rs101078	21	207800	0.3679
rs101079	12	207900	0.0642
rs101080	17	208000	0.4713
rs101081	16	208100	0.0734
rs101082	18	208200	0.2936
rs101083	15	208300	0.3691
rs101084	19	208400	0.4419
rs101085	6	208500	0.3713
rs101086	22	208600	0.4108
rs101087	1	208700	0.2028
rs101088	3	208800	0.4167
rs101089	15	208900	0.0861
rs101090	5	209000	0.4527
rs101091	14	209100	0.2964
rs101092	10	209200	0.4178
rs101093	12	209300	0.2535
rs101094	16	209400	0.3396
rs101095	18	209500	0.2869
rs101096	11	209600	0.3792
rs101097	20	209700	0.0867
rs101098	19	209800	0.0772
rs101099	18	209900	0.1612
rs101100	7	210000	0.1218
rs101101	10	210100	0.4423
rs101102	19	210200	0.1486
rs101103	10	210300	0.4891
rs101104	6	210400	0.2016
rs101105	16	210500	0.132
rs101106	20	210600	0.4054
rs101107	14	210700	0.3464
rs101108	1	210800	0.2742
rs101109	6	210900	0.2999
rs101110	19	211000	0.3736
rs101111	15	211100	0.1528
rs101112	20	211200	0.4984
rs101113	15	211300	0.4887
rs101114	15	211400	0.3426
rs101115	17	211500	0.1398
rs101116	18	211600	0.3561
rs101117	13	211700	0.0825
rs101118	19	211800	0.0638
rs101119	21	211900	0.166
rs101120	17	212000	0.2582
rs101121	9	212100	0.4407
rs101122	20	212200	0.3772
rs101123	8	212300	0.3842
rs101124	4	212400	0.2415
rs101125	17	212500	0.2057
rs101126	3	212600	0.217
rs101127	17	212700	0.4944
rs101128	18	212800	0.068
rs101129	20	212900	0.4402
rs101130	18	213000	0.3104
rs101131	5	213100	0.2474
rs101132	9	213200	0.3764
rs101133	11	213300	0.269
rs101134	12	213400	0.443
rs101135	10	213500	0.4553
rs101136	13	213600	0.2398
rs101137	20	213700	0.1746
rs101138	13	213800	0.3166
rs101139	21	213900	0.4606
rs101140	12	214000	0.1448
rs101141	12	214100	0.3303
rs101142	13	214200	0.3342
rs101143	4	214300	0.3799
rs101144	1	214400	0.1092
rs101145	4	214500	0.3721
rs101146	18	214600	0.4591
rs101147	13	214700	0.1309
rs101148	12	214800	0.1569
rs101149	11	214900	0.4871
rs101150	9	215000	0.1314
rs101151	3	215100	0.4345
rs101152	14	215200	0.2715
rs101153	6	215300	0.1613
rs101154	7	215400	0.4418
rs101155	3	215500	0.2504
rs101156	4	215600	0.2817
rs101157	8	215700	0.2117
rs101158	5	215800	0.3168
rs101159	12	215900	0.1236
rs101160	17	216000	0.226
rs101161	17	216100	0.4862
rs101162	7	216200	0.1662
rs101163	10	216300	0.3455
rs101164	5	216400	0.1963
rs101165	22	216500	0.3981
rs101166	15	216600	0.1089
rs101167	21	216700	0.4864
rs101168	21	216800	0.2542
rs101169	17	216900	0.1562
rs101170	12	217000	0.0831
rs101171	2	217100	0.1264
rs101172	13	217200	0.2839
rs101173	9	217300	0.2017
rs101174	10	217400	0.423
rs101175	2	217500	0.2439
rs101176	10	217600	0.1619
rs101177	2	217700	0.3277
rs101178	1	217800	0.368
rs101179	13	217900	0.1252
rs101180	1	218000	0.1254
rs101181	3	218100	0.0665
rs101182	15	218200	0.3814
rs101183	4	218300	0.3487
rs101184	7	218400	0.2636
rs101185	15	218500	0.4299
rs101186	18	218600	0.4126
rs101187	15	218700	0.3134
rs101188	8	218800	0.4407
rs101189	8	218900	0.1426
rs101190	21	219000	0.1004
rs101191	3	219100	0.1714
rs101192	19	219200	0.0757
rs101193	20	219300	0.289
rs101194	13	219400	0.4715
rs101195	13	219500	0.0677
rs101196	4	219600	0.1049
rs101197	7	219700	0.2535
rs101198	10	219800	0.4702
rs101199	13	219900	0.1923
rs101200	2	220000	0.2783
rs101201	16	220100	0.0687
rs101202	20	220200	0.1168
rs101203	17	220300	0.494
rs101204	12	220400	0.4843
rs101205	4	220500	0.0522
rs101206	4	220600	0.4783
rs101207	16	220700	0.3376
rs101208	8	220800	0.4406
rs101209	5	220900	0.2546
rs101210	12	221000	0.282
rs101211	19	221100	0.27
rs101212	5	221200	0.3501
rs101213	19	221300	0.1128
rs101214	11	221400	0.0635
rs101215	4	221500	0.1886
rs101216	12	221600	0.3671
rs101217	10	221700	0.1408
rs101218	1	221800	0.353
rs101219	2	221900	0.4865
rs101220	18	222000	0.0923
rs101221	8	222100	0.3527
rs101222	11	222200	0.2497
rs101223	22	222300	0.4407
rs101224	12	222400	0.1297
rs101225	20	222500	0.3617
rs101226	1	222600	0.4272
rs101227	4	222700	0.4751
rs101228	11	222800	0.3575
rs101229	21	222900	0.2737
rs101230	14	223000	0.328
rs101231	13	223100	0.441
rs101232	4	223200	0.3068
rs101233	11	223300	0.0637
rs101234	21	223400	0.4689
rs101235	16	223500	0.3603
rs101236	18	223600	0.3544
rs101237	20	223700	0.1471
rs101238	21	223800	0.3465
rs101239	1	223900	0.2272
rs101240	10	224000	0.3431
rs101241	7	224100	0.098
rs101242	13	224200	0.346
rs101243	14	224300	0.4997
rs101244	6	224400	0.0717
rs101245	20	224500	0.4897
rs101246	15	224600	0.2331
rs101247	14	224700	0.4418
rs101248	17	224800	0.4021
rs101249	11	224900	0.3052
rs101250	6	225000	0.3823
rs101251	19	225100	0.4453
rs101252	6	225200	0.2319
rs101253	7	225300	0.1972
rs101254	21	225400	0.3504
rs101255	7	225500	0.4135
rs101256	13	225600	0.393
rs101257	17	225700	0.409
rs101258	4	225800	0.246
rs101259	11	225900	0.418
rs101260	11	226000	0.1041
rs101261	19	226100	0.295
rs101262	16	226200	0.0526
rs101263	20	226300	0.1961
rs101264	3	226400	0.2149
rs101265	13	226500	0.2283
rs101266	18	226600	0.363
rs101267	5	226700	0.2249
rs101268	17	226800	0.2519
rs101269	20	226900	0.1569
rs101270	12	227000	0.218
rs101271	13	227100	0.1523
rs101272	3	227200	0.0829
rs101273	10	227300	0.3216
rs101274	2	227400	0.3507
rs101275	16	227500	0.3288
rs101276	15	227600	0.2586
rs101277	5	227700	0.2209
rs101278	4	227800	0.4385
rs101279	12	227900	0.2836
rs101280	22	228000	0.2656
rs101281	7	228100	0.0615
rs101282	13	228200	0.2036
rs101283	16	228300	0.2211
rs101284	7	228400	0.2295
rs101285	10	228500	0.3111
rs101286	12	228600	0.2901
rs101287	9	228700	0.3236
rs101288	13	228800	0.3942
rs101289	4	228900	0.4158
rs101290	3	229000	0.3732
rs101291	4	229100	0.48
rs101292	1	229200	0.0582
rs101293	6	229300	0.1381
rs101294	20	229400	0.0534
rs101295	12	229500	0.3414
rs101296	9	229600	0.4541
rs101297	7	229700	0.1596
rs101298	13	229800	0.4672
rs101299	7	229900	0.0771
rs101300	10	230000	0.4705
rs101301	2	230100	0.2082
rs101302	17	230200	0.0956
rs101303	8	230300	0.2686
rs101304	13	230400	0.1655
rs101305	9	230500	0.1782
rs101306	18	230600	0.1883
rs101307	6	230700	0.4114
rs101308	20	230800	0.2926
rs101309	9	230900	0.1901
rs101310	2	231000	0.3247
rs101311	10	231100	0.3723
rs101312	9	231200	0.1727
rs101313	7	231300	0.2361
rs101314	4	231400	0.1048
rs101315	14	231500	0.1315
rs101316	22	231600	0.3565
rs101317	3	231700	0.1316
rs101318	11	231800	0.2863
rs101319	2	231900	0.3691
rs101320	14	232000	0.0981
rs101321	1	232100	0.3053
rs101322	5	232200	0.1655
rs101323	21	232300	0.4833
rs101324	15	232400	0.2676
rs101325	3	232500	0.4127
rs101326	16	232600	0.2976
rs101327	4	232700	0.0695
rs101328	8	232800	0.3349
rs101329	10	232900	0.4781
rs101330	19	233000	0.3207
rs101331	12	233100	0.4186
rs101332	21	233200	0.4479
rs101333	3	233300	0.1526
rs101334	21	233400	0.1454
rs101335	13	233500	0.3249
rs101336	4	233600	0.235
rs101337	20	233700	0.4279
rs101338	9	233800	0.455
rs101339	3	233900	0.209
rs101340	10	234000	0.1566
rs101341	14	234100	0.4012
rs101342	9	234200	0.1737
rs101343	11	234300	0.4202
rs101344	13	234400	0.2407
rs101345	10	234500	0.3504
rs101346	12	234600	0.093
rs101347	10	234700	0.3307
rs101348	15	234800	0.2533
rs101349	21	234900	0.314
rs101350	10	235000	0.1256
rs101351	5	235100	0.3816
rs101352	1	235200	0.4383
rs101353	8	235300	0.1475
rs101354	1	235400	0.0931
rs101355	16	235500	0.0606
rs101356	14	235600	0.3389
rs101357	20	235700	0.3232
rs101358	21	235800	0.296
rs101359	9	235900	0.1544
rs101360	19	236000	0.2259
rs101361	21	236100	0.3175
rs101362	9	236200	0.2735
rs101363	7	236300	0.4945
rs101364	9	236400	0.1114
rs101365	2	236500	0.3628
rs101366	13	236600	0.2319
rs101367	16	236700	0.2427
rs101368	6	236800	0.3729
rs101369	19	236900	0.3616
rs101370	20	237000	0.4961
rs101371	2	237100	0.1078
rs101372	3	237200	0.0968
rs101373	1	237300	0.376
rs101374	22	237400	0.3103
rs101375	21	237500	0.1734
rs101376	8	237600	0.0857
rs101377	12	237700	0.0885
rs101378	8	237800	0.4524
rs101379	17	237900	0.1363
rs101380	20	238000	0.1955
rs101381	14	238100	0.152
rs101382	3	238200	0.2097
rs101383	11	238300	0.0812
rs101384	20	238400	0.2836
rs101385	11	238500	0.0804
rs101386	6	238600	0.4102
rs101387	15	238700	0.1552
rs101388	2	238800	0.293
rs101389	21	238900	0.446
rs101390	15	239000	0.3429
rs101391	6	239100	0.2898
rs101392	18	239200	0.196
rs101393	2	239300	0.1999
rs101394	2	239400	0.3513
rs101395	10	239500	0.4974
rs101396	15	239600	0.3478
rs101397	9	239700	0.301
rs101398	5	239800	0.3788
rs101399	7	239900	0.2593
rs101400	16	240000	0.0771
rs101401	2	240100	0.303
rs101402	8	240200	0.4809
rs101403	16	240300	0.1289
rs101404	7	240400	0.3605
rs101405	18	240500	0.1404
rs101406	19	240600	0.2911
rs101407	4	240700	0.0935
rs101408	16	240800	0.2527
rs101409	2	240900	0.3903
rs101410	3	241000	0.2064
rs101411	20	241100	0.3492
rs101412	16	241200	0.408
rs101413	15	241300	0.4672
rs101414	22	241400	0.1556
rs101415	12	241500	0.2297
rs101416	10	241600	0.1186
rs101417	3	241700	0.4966
rs101418	7	241800	0.4672
rs101419	1	241900	0.293
rs101420	3	242000	0.4289
rs101421	22	242100	0.2844
rs101422	18	242200	0.3306
rs101423	4	242300	0.0901
rs101424	8	242400	0.3899
rs101425	22	242500	0.1075
rs101426	19	242600	0.4217
rs101427	13	242700	0.4019
rs101428	17	242800	0.3689
rs101429	6	242900	0.0663
rs101430	18	243000	0.1864
rs101431	10	243100	0.1684
rs101432	21	243200	0.2121
rs101433	10	243300	0.0894
rs101434	7	243400	0.4716
rs101435	19	243500	0.2992
rs101436	22	243600	0.1875
rs101437	3	243700	0.2286
rs101438	6	243800	0.2512
rs101439	16	243900	0.3203
rs101440	18	244000	0.2821
rs101441	8	244100	0.4637
rs101442	13	244200	0.2736
rs101443	7	244300	0.4965
rs101444	4	244400	0.4331
rs101445	20	244500	0.1438
rs101446	16	244600	0.4688
rs101447	22	244700	0.1024
rs101448	8	244800	0.4179
rs101449	5	244900	0.2213
rs101450	5	245000	0.4451
rs101451	3	245100	0.4406
rs101452	14	245200	0.4127
rs101453	19	245300	0.4055
rs101454	7	245400	0.1871
rs101455	20	245500	0.0864
rs101456	21	245600	0.2313
rs101457	5	245700	0.1281
rs101458	12	245800	0.3627
rs101459	7	245900	0.2057
rs101460	22	246000	0.489
rs101461	19	246100	0.3384
rs101462	14	246200	0.4201
rs101463	16	246300	0.1096
rs101464	9	246400	0.4379
rs101465	7	246500	0.4652
rs101466	19	246600	0.2692
rs101467	2	246700	0.3228
rs101468	22	246800	0.3942
rs101469	16	246900	0.1287
rs101470	16	247000	0.2762
rs101471	20	247100	0.2294
rs101472	21	247200	0.1159
rs101473	20	247300	0.2154
rs101474	18	247400	0.0807
rs101475	11	247500	0.0616
rs101476	19	247600	0.1108
rs101477	12	247700	0.4834
rs101478	2	247800	0.2973
rs101479	15	247900	0.4846
rs101480	16	248000	0.2446
rs101481	10	248100	0.1903
rs101482	15	248200	0.2778
rs101483	2	248300	0.2478
rs101484	6	248400	0.0975
rs101485	11	248500	0.3384
rs101486	14	248600	0.1472
rs101487	14	248700	0.3288
rs101488	6	248800	0.3426
rs101489	22	248900	0.1184
rs101490	13	249000	0.0776
rs101491	21	249100	0.4013
rs101492	4	249200	0.2569
rs101493	4	249300	0.0762
rs101494	9	249400	0.4977
rs101495	18	249500	0.076
rs101496	5	249600	0.3628
rs101497	17	249700	0.4927
rs101498	2	249800	0.1576
rs101499	8	249900	0.114
rs101500	9	250000	0.1046
rs101501	16	250100	0.1865
rs101502	10	250200	0.0955
rs101503	19	250300	0.3615
rs101504	7	250400	0.078
rs101505	11	250500	0.2792
rs101506	12	250600	0.4985
rs101507	1	250700	0.4163
rs101508	6	250800	0.3268
rs101509	5	250900	0.1878
rs101510	14	251000	0.3308
rs101511	10	251100	0.2872
rs101512	2	251200	0.2417
rs101513	6	251300	0.1088
rs101514	15	251400	0.449
rs101515	3	251500	0.2524
rs101516	4	251600	0.1376
rs101517	21	251700	0.2155
rs101518	8	251800	0.2364
rs101519	6	251900	0.4224
rs101520	6	252000	0.3801
rs101521	15	252100	0.3962
rs101522	14	252200	0.055
rs101523	4	252300	0.2373
rs101524	5	252400	0.2666
rs101525	2	252500	0.0586
rs101526	19	252600	0.1669
rs101527	10	252700	0.3921
rs101528	22	252800	0.1117
rs101529	7	252900	0.2909
rs101530	5	253000	0.1468
rs101531	12	253100	0.0555
rs101532	11	253200	0.1585
rs101533	2	253300	0.4891
rs101534	5	253400	0.4107
rs101535	11	253500	0.4818
rs101536	9	253600	0.2695
rs101537	1	253700	0.0994
rs101538	6	253800	0.2966
rs101539	8	253900	0.2545
rs101540	5	254000	0.43
rs101541	1	254100	0.0941
rs101542	9	254200	0.2697
rs101543	11	254300	0.1175
rs101544	12	254400	0.1961
rs101545	5	254500	0.3818
rs101546	5	254600	0.2642
rs101547	9	254700	0.2191
rs101548	11	254800	0.2275
rs101549	8	254900	0.2568
rs101550	5	255000	0.4033
rs101551	15	255100	0.4514
rs101552	14	255200	0.4799
rs101553	19	255300	0.4041
rs101554	22	255400	0.1919
rs101555	5	255500	0.3597
rs101556	3	255600	0.2469
rs101557	21	255700	0.1646
rs101558	11	255800	0.4284
rs101559	12	255900	0.0673
rs101560	4	256000	0.4558
rs101561	15	256100	0.2577
rs101562	8	256200	0.3367
rs101563	14	256300	0.3467
rs101564	22	256400	0.4528
rs101565	12	256500	0.3365
rs101566	13	256600	0.3263
rs101567	17	256700	0.08
rs101568	20	256800	0.2833
rs101569	22	256900	0.1176
rs101570	13	257000	0.3818
rs101571	13	257100	0.2805
rs101572	17	257200	0.3561
rs101573	11	257300	0.0688
rs101574	19	257400	0.0882
rs101575	5	257500	0.3723
rs101576	20	257600	0.0824
rs101577	20	257700	0.0821
rs101578	7	257800	0.0554
rs101579	4	257900	0.4804
rs101580	21	258000	0.3819
rs101581	14	258100	0.209
rs101582	19	258200	0.1834
rs101583	7	258300	0.2074
rs101584	14	258400	0.3986
rs101585	11	258500	0.3476
rs101586	9	258600	0.1333
rs101587	5	258700	0.1283
rs101588	16	258800	0.0943
rs101589	18	258900	0.3471
rs101590	1	259000	0.394
rs101591	9	259100	0.1693
rs101592	4	259200	0.0594
rs101593	10	259300	0.087
rs101594	1	259400	0.4855
rs101595	14	259500	0.183
rs101596	6	259600	0.3962
rs101597	7	259700	0.3311
rs101598	10	259800	0.2219
rs101599	4	259900	0.1426
rs101600	8	260000	0.1046
rs101601	8	260100	0.3268
rs101602	2	260200	0.3986
rs101603	7	260300	0.3398
rs101604	13	260400	0.2886
rs101605	8	260500	0.0689
rs101606	17	260600	0.4858
rs101607	3	260700	0.4094
rs101608	17	260800	0.1818
rs101609	15	260900	0.491
rs101610	7	261000	0.3208
rs101611	3	261100	0.3121
rs101612	4	261200	0.3866
rs101613	11	261300	0.4153
rs101614	5	261400	0.3454
rs101615	7	261500	0.1076
rs101616	19	261600	0.2022
rs101617	16	261700	0.4676
rs101618	11	261800	0.1511
rs101619	5	261900	0.2175
rs101620	21	262000	0.2444
rs101621	3	262100	0.2477
rs101622	17	262200	0.3258
rs101623	17	262300	0.4744
rs101624	20	262400	0.1583
rs101625	15	262500	0.1047
rs101626	16	262600	0.1389
rs101627	14	262700	0.4491
rs101628	3	262800	0.3406
rs101629	11	262900	0.1787
rs101630	12	263000	0.4172
rs101631	6	263100	0.4376
rs101632	4	263200	0.4309
rs101633	12	263300	0.4635
rs101634	14	263400	0.1635
rs101635	9	263500	0.3898
rs101636	5	263600	0.2572
rs101637	16	263700	0.4289
rs101638	17	263800	0.3778
rs101639	15	263900	0.3994
rs101640	4	264000	0.3453
rs101641	19	264100	0.1298
rs101642	9	264200	0.2953
rs101643	8	264300	0.4931
rs101644	14	264400	0.4718
rs101645	3	264500	0.0694
rs101646	12	264600	0.1242
rs101647	16	264700	0.1093
rs101648	8	264800	0.3767
rs101649	9	264900	0.418
rs101650	21	265000	0.1461
rs101651	9	265100	0.2776
rs101652	6	265200	0.4283
rs101653	8	265300	0.3798
rs101654	8	265400	0.294
rs101655	8	265500	0.3157
rs101656	18	265600	0.2788
rs101657	7	265700	0.1839
rs101658	13	265800	0.3043
rs101659	3	265900	0.36
rs101660	15	266000	0.443
rs101661	9	266100	0.3363
rs101662	10	266200	0.3925
rs101663	1	266300	0.122
rs101664	14	266400	0.2577
rs101665	10	266500	0.0542
rs101666	4	266600	0.161
rs101667	22	266700	0.3769
rs101668	10	266800	0.4963
rs101669	13	266900	0.0946
rs101670	19	267000	0.2307
rs101671	12	267100	0.41
rs101672	13	267200	0.1418
rs101673	9	267300	0.2998
rs101674	7	267400	0.3799
rs101675	1	267500	0.3272
rs101676	4	267600	0.1346
rs101677	15	267700	0.2099
rs101678	21	267800	0.4027
rs101679	11	267900	0.2994
rs101680	5	268000	0.0524
rs101681	15	268100	0.3924
rs101682	13	268200	0.0659
rs101683	12	268300	0.3856
rs101684	4	268400	0.1411
rs101685	6	268500	0.4811
rs101686	15	268600	0.2156
rs101687	5	268700	0.1971
rs101688	15	268800	0.117
rs101689	4	268900	0.1875
rs101690	2	269000	0.4445
rs101691	12	269100	0.4984
rs101692	5	269200	0.2157
rs101693	11	269300	0.2519
rs101694	17	269400	0.3749
rs101695	12	269500	0.4488
rs101696	18	269600	0.3169
rs101697	13	269700	0.2262
rs101698	12	269800	0.2357
rs101699	21	269900	0.363
rs101700	1	270000	0.0514
rs101701	1	270100	0.3288
rs101702	1	270200	0.21
rs101703	16	270300	0.4074
rs101704	6	270400	0.0918
rs101705	20	270500	0.3147
rs101706	18	270600	0.2664
rs101707	11	270700	0.339
rs101708	10	270800	0.0792
rs101709	10	270900	0.311
rs101710	18	271000	0.3027
rs101711	10	271100	0.3023
rs101712	14	271200	0.3216
rs101713	8	271300	0.3544
rs101714	15	271400	0.4122
rs101715	3	271500	0.1714
rs101716	10	271600	0.4213
rs101717	20	271700	0.2742
rs101718	10	271800	0.0847
rs101719	14	271900	0.0763
rs101720	14	272000	0.2004
rs101721	6	272100	0.4032
rs101722	1	272200	0.3685
rs101723	6	272300	0.4049
rs101724	15	272400	0.2828
rs101725	20	272500	0.2481
rs101726	9	272600	0.1164
rs101727	17	272700	0.1977
rs101728	16	272800	0.2453
rs101729	1	272900	0.0899
rs101730	12	273000	0.1493
rs101731	12	273100	0.3192
rs101732	8	273200	0.381
rs101733	10	273300	0.4993
rs101734	2	273400	0.4699
rs101735	4	273500	0.3392
rs101736	11	273600	0.2396
rs101737	13	273700	0.3363
rs101738	4	273800	0.4035
rs101739	3	273900	0.1033
rs101740	2	274000	0.2345
rs101741	16	274100	0.4279
rs101742	8	274200	0.2227
rs101743	18	274300	0.3073
rs101744	4	274400	0.3145
rs101745	14	274500	0.133
rs101746	22	274600	0.213
rs101747	8	274700	0.2005
rs101748	16	274800	0.0618
rs101749	12	274900	0.0609
rs101750	16	275000	0.4243
rs101751	3	275100	0.1729
rs101752	22	275200	0.2831
rs101753	22	275300	0.1844
rs101754	7	275400	0.4733
rs101755	12	275500	0.1667
rs101756	8	275600	0.2433
rs101757	3	275700	0.4427
rs101758	2	275800	0.4289
rs101759	11	275900	0.1337
rs101760	15	276000	0.4112
rs101761	6	276100	0.2562
rs101762	2	276200	0.2673
rs101763	17	276300	0.1101
rs101764	16	276400	0.0863
rs101765	18	276500	0.3776
rs101766	18	276600	0.2734
rs101767	1	276700	0.2466
rs101768	7	276800	0.3783
rs101769	6	276900	0.3945
rs101770	7	277000	0.1215
rs101771	6	277100	0.3246
rs101772	1	277200	0.1109
rs101773	13	277300	0.3881
rs101774	20	277400	0.3456
rs101775	8	277500	0.4805
rs101776	22	277600	0.081
rs101777	18	277700	0.0757
rs101778	14	277800	0.177
rs101779	11	277900	0.1678
rs101780	8	278000	0.1611
rs101781	10	278100	0.4578
rs101782	9	278200	0.1623
rs101783	7	278300	0.1724
rs101784	21	278400	0.3917
rs101785	13	278500	0.2524
rs101786	17	278600	0.3995
rs101787	18	278700	0.0794
rs101788	14	278800	0.2694
rs101789	12	278900	0.0651
rs101790	15	279000	0.0782
rs101791	21	279100	0.4579
rs101792	22	279200	0.1127
rs101793	17	279300	0.2896
rs101794	15	279400	0.235
rs101795	1	279500	0.2063
rs101796	3	279600	0.4549
rs101797	1	279700	0.0598
rs101798	10	279800	0.3487
rs101799	13	279900	0.4835
rs101800	16	280000	0.3021
rs101801	17	280100	0.4716
rs101802	13	280200	0.0735
rs101803	18	280300	0.2385
rs101804	8	280400	0.1671
rs101805	10	280500	0.3789
rs101806	6	280600	0.4916
rs101807	12	280700	0.1654
rs101808	4	280800	0.3444
rs101809	17	280900	0.1391
rs101810	4	281000	0.3044
rs101811	3	281100	0.2588
rs101812	9	281200	0.4874
rs101813	1	281300	0.3238
rs101814	20	281400	0.2073
rs101815	3	281500	0.1013
rs101816	22	281600	0.1181
rs101817	7	281700	0.1514
rs101818	16	281800	0.1629
rs101819	19	281900	0.4328
rs101820	20	282000	0.3026
rs101821	3	282100	0.2855
rs101822	14	282200	0.1016
rs101823	19	282300	0.4371
rs101824	13	282400	0.3753
rs101825	8	282500	0.0805
rs101826	8	282600	0.3685
rs101827	14	282700	0.2946
rs101828	1	282800	0.0868
rs101829	8	282900	0.2562
rs101830	13	283000	0.2681
rs101831	4	283100	0.1246
rs101832	9	283200	0.4756
rs101833	6	283300	0.4325
rs101834	15	283400	0.3511
rs101835	13	283500	0.258
rs101836	1	283600	0.2353
rs101837	5	283700	0.3429
rs101838	11	283800	0.2954
rs101839	10	283900	0.078
rs101840	13	284000	0.2806
rs101841	7	284100	0.4129
rs101842	5	284200	0.2567
rs101843	22	284300	0.0734
rs101844	8	284400	0.4038
rs101845	17	284500	0.1406
rs101846	7	284600	0.1664
rs101847	8	284700	0.1241
rs101848	20	284800	0.1986
rs101849	14	284900	0.3905
rs101850	16	285000	0.2837
rs101851	12	285100	0.1422
rs101852	4	285200	0.445
rs101853	8	285300	0.4458
rs101854	6	285400	0.4418
rs101855	17	285500	0.1575
rs101856	17	285600	0.2531
rs101857	7	285700	0.4932
rs101858	10	285800	0.3974
rs101859	7	285900	0.0622
rs101860	4	286000	0.0793
rs101861	10	286100	0.2588
rs101862	16	286200	0.4591
rs101863	9	286300	0.2924
rs101864	18	286400	0.274
rs101865	2	286500	0.0975
rs101866	15	286600	0.3456
rs101867	16	286700	0.4199
rs101868	2	286800	0.2212
rs101869	22	286900	0.399
rs101870	12	287000	0.484
rs101871	6	287100	0.1417
rs101872	21	287200	0.2855
rs101873	12	287300	0.1792
rs101874	15	287400	0.4068
rs101875	18	287500	0.3099
rs101876	21	287600	0.3356
rs101877	19	287700	0.4091
rs101878	5	287800	0.2282
rs101879	6	287900	0.4618
rs101880	2	288000	0.2899
rs101881	6	288100	0.1211
rs101882	3	288200	0.3632
rs101883	9	288300	0.407
rs101884	17	288400	0.1925
rs101885	5	288500	0.4357
rs101886	13	288600	0.4578
rs101887	14	288700	0.1746
rs101888	21	288800	0.4926
rs101889	18	288900	0.1133
rs101890	4	289000	0.1409
rs101891	14	289100	0.1329
rs101892	13	289200	0.4523
rs101893	13	289300	0.3444
rs101894	17	289400	0.1184
rs101895	10	289500	0.2481
rs101896	2	289600	0.3269
rs101897	7	289700	0.0876
rs101898	16	289800	0.4471
rs101899	6	289900	0.4116
rs101900	12	290000	0.2773
rs101901	9	290100	0.4852
rs101902	20	290200	0.238
rs101903	3	290300	0.4928
rs101904	18	290400	0.3506
rs101905	1	290500	0.3356
rs101906	5	290600	0.1247
rs101907	20	290700	0.4469
rs101908	21	290800	0.2424
rs101909	11	290900	0.123
rs101910	22	291000	0.0557
rs101911	6	291100	0.3019
rs101912	10	291200	0.2873
rs101913	14	291300	0.3737
rs101914	1	291400	0.4506
rs101915	11	291500	0.0857
rs101916	5	291600	0.3792
rs101917	16	291700	0.1343
rs101918	2	291800	0.4362
rs101919	5	291900	0.4186
rs101920	21	292000	0.2934
rs101921	20	292100	0.3696
rs101922	18	292200	0.1915
rs101923	16	292300	0.262
rs101924	7	292400	0.4197
rs101925	17	292500	0.2567
rs101926	20	292600	0.211
rs101927	6	292700	0.2724
rs101928	7	292800	0.4227
rs101929	5	292900	0.2008
rs101930	19	293000	0.1282
rs101931	2	293100	0.3704
rs101932	20	293200	0.4217
rs101933	21	293300	0.0953
rs101934	19	293400	0.1579
rs101935	2	293500	0.1139
rs101936	6	293600	0.2066
rs101937	3	293700	0.2527
rs101938	16	293800	0.387
rs101939	7	293900	0.343
rs101940	12	294000	0.3294
rs101941	7	294100	0.2086
rs101942	18	294200	0.4287
rs101943	2	294300	0.2621
rs101944	21	294400	0.4906
rs101945	13	294500	0.3354
rs101946	10	294600	0.1068
rs101947	7	294700	0.3543
rs101948	19	294800	0.1963
rs101949	5	294900	0.3588
rs101950	19	295000	0.0813
rs101951	18	295100	0.1287
rs101952	16	295200	0.4351
rs101953	15	295300	0.1522
rs101954	9	295400	0.4267
rs101955	17	295500	0.1757
rs101956	19	295600	0.3393
rs101957	5	295700	0.3624
rs101958	22	295800	0.2807
rs101959	9	295900	0.1874
rs101960	7	296000	0.1457
rs101961	3	296100	0.0649
rs101962	19	296200	0.1868
rs101963	12	296300	0.3439
rs101964	16	296400	0.4722
rs101965	14	296500	0.442
rs101966	6	296600	0.3947
rs101967	6	296700	0.4048
rs101968	2	296800	0.3492
rs101969	17	296900	0.1671
rs101970	6	297000	0.4582
rs101971	16	297100	0.3518
rs101972	10	297200	0.3022
rs101973	19	297300	0.0999
rs101974	22	297400	0.2512
rs101975	16	297500	0.2572
rs101976	7	297600	0.4391
rs101977	3	297700	0.296
rs101978	15	297800	0.2212
rs101979	1	297900	0.4896
rs101980	2	298000	0.0998
rs101981	11	298100	0.2401
rs101982	3	298200	0.0689
rs101983	22	298300	0.383
rs101984	12	298400	0.4631
rs101985	19	298500	0.176
rs101986	1	298600	0.4363
rs101987	18	298700	0.1815
rs101988	21	298800	0.4598
rs101989	2	298900	0.3893
rs101990	9	299000	0.4122
rs101991	14	299100	0.0581
rs101992	22	299200	0.4833
rs101993	9	299300	0.377
rs101994	4	299400	0.1871
rs101995	22	299500	0.4232
rs101996	19	299600	0.1767
rs101997	16	299700	0.4427
rs101998	3	299800	0.1007
rs101999	16	299900	0.3667
