snp_id	chrom	pos	count_0	count_1	count_2	n_non_missing	MAF
rs100000	9	100000	102	85	13	200	0.2775
rs100002	4	100200	119	64	17	200	0.245
rs100005	13	100500	60	96	44	200	0.46
rs100006	9	100600	118	70	12	200	0.235
rs100007	19	100700	67	92	41	200	0.435
rs100008	9	100800	103	77	20	200	0.2925
rs100009	10	100900	75	98	27	200	0.38
rs100010	13	101000	109	75	16	200	0.2675
rs100011	13	101100	93	89	18	200	0.3125
rs100012	22	101200	111	73	16	200	0.2625
rs100014	1	101400	79	92	29	200	0.375
rs100017	4	101700	90	81	29	200	0.3475
rs100019	16	101900	67	90	43	200	0.44
rs100020	17	102000	44	110	46	200	0.495
rs100021	8	102100	65	93	42	200	0.4425
rs100022	8	102200	126	67	7	200	0.2025
rs100024	20	102400	55	103	42	200	0.4675
rs100025	15	102500	129	56	15	200	0.215
rs100026	12	102600	54	108	38	200	0.46
rs100027	12	102700	60	104	36	200	0.44
rs100028	22	102800	69	96	35	200	0.415
rs100030	11	103000	125	66	9	200	0.21
rs100031	6	103100	67	91	42	200	0.4375
rs100034	15	103400	93	85	22	200	0.3225
rs100035	6	103500	50	111	39	200	0.4725
rs100036	3	103600	87	88	25	200	0.345
rs100037	3	103700	101	82	17	200	0.29
rs100039	21	103900	88	91	21	200	0.3325
rs100040	8	104000	49	94	57	200	0.48
rs100042	5	104200	102	83	15	200	0.2825
rs100043	5	104300	57	98	45	200	0.47
rs100044	1	104400	69	102	29	200	0.4
rs100045	15	104500	83	87	30	200	0.3675
rs100046	1	104600	77	96	27	200	0.375
rs100048	22	104800	121	68	11	200	0.225
rs100049	11	104900	66	104	30	200	0.41
rs100050	5	105000	71	93	36	200	0.4125
rs100051	8	105100	72	92	36	200	0.41
rs100052	22	105200	59	105	36	200	0.4425
rs100053	1	105300	102	77	21	200	0.2975
rs100054	6	105400	107	72	21	200	0.285
rs100055	11	105500	78	86	36	200	0.395
rs100056	18	105600	95	84	21	200	0.315
rs100057	10	105700	80	92	28	200	0.37
rs100058	3	105800	71	89	40	200	0.4225
rs100059	9	105900	62	100	38	200	0.44
rs100060	9	106000	122	67	11	200	0.2225
rs100061	3	106100	122	63	15	200	0.2325
rs100063	5	106300	99	88	13	200	0.285
rs100065	21	106500	101	86	13	200	0.28
rs100066	21	106600	91	97	12	200	0.3025
rs100068	21	106800	97	81	22	200	0.3125
rs100071	5	107100	65	107	28	200	0.4075
rs100072	22	107200	122	71	7	200	0.2125
rs100074	11	107400	89	97	14	200	0.3125
rs100075	2	107500	64	114	22	200	0.395
rs100077	17	107700	88	92	20	200	0.33
rs100080	6	108000	99	81	20	200	0.3025
rs100081	12	108100	100	89	11	200	0.2775
rs100082	9	108200	74	96	30	200	0.39
rs100083	15	108300	75	94	31	200	0.39
rs100084	15	108400	56	94	50	200	0.485
rs100085	5	108500	89	87	24	200	0.3375
rs100087	21	108700	61	109	30	200	0.4225
rs100088	20	108800	127	66	7	200	0.2
rs100089	14	108900	113	78	9	200	0.24
rs100092	13	109200	44	104	52	200	0.48
rs100093	2	109300	65	87	48	200	0.4575
rs100094	8	109400	82	95	23	200	0.3525
rs100095	1	109500	115	73	12	200	0.2425
rs100099	21	109900	103	76	21	200	0.295
rs100100	18	110000	68	95	37	200	0.4225
rs100101	2	110100	66	107	27	200	0.4025
rs100102	12	110200	127	65	8	200	0.2025
rs100103	15	110300	48	104	48	200	0.5
rs100104	1	110400	73	106	21	200	0.37
rs100105	8	110500	99	80	21	200	0.305
rs100106	10	110600	88	83	29	200	0.3525
rs100107	16	110700	122	61	17	200	0.2375
rs100109	21	110900	130	55	15	200	0.2125
rs100110	19	111000	65	110	25	200	0.4
rs100115	4	111500	59	110	31	200	0.43
rs100116	1	111600	84	97	19	200	0.3375
rs100117	18	111700	118	71	11	200	0.2325
rs100119	14	111900	115	74	11	200	0.24
rs100120	12	112000	112	72	16	200	0.26
rs100122	14	112200	110	76	14	200	0.26
rs100123	15	112300	114	81	5	200	0.2275
rs100124	15	112400	79	96	25	200	0.365
rs100125	13	112500	97	74	29	200	0.33
rs100128	21	112800	90	90	20	200	0.325
rs100129	19	112900	118	69	13	200	0.2375
rs100130	19	113000	76	90	34	200	0.395
rs100131	14	113100	88	96	16	200	0.32
rs100134	2	113400	93	86	21	200	0.32
rs100136	2	113600	95	88	17	200	0.305
rs100137	14	113700	48	100	52	200	0.49
rs100138	19	113800	114	67	19	200	0.2625
rs100139	18	113900	119	72	9	200	0.225
rs100140	7	114000	84	90	26	200	0.355
rs100141	8	114100	107	78	15	200	0.27
rs100142	7	114200	101	78	21	200	0.3
rs100143	7	114300	58	96	46	200	0.47
rs100144	12	114400	114	69	17	200	0.2575
rs100145	6	114500	60	93	47	200	0.4675
rs100146	16	114600	56	98	46	200	0.475
rs100152	19	115200	80	96	24	200	0.36
rs100155	14	115500	65	92	43	200	0.445
rs100157	17	115700	70	100	30	200	0.4
rs100160	15	116000	98	88	14	200	0.29
rs100161	13	116100	81	97	22	200	0.3525
rs100162	3	116200	65	102	33	200	0.42
rs100163	5	116300	61	104	35	200	0.435
rs100164	20	116400	72	99	29	200	0.3925
rs100167	9	116700	80	99	21	200	0.3525
rs100168	20	116800	74	83	43	200	0.4225
rs100169	20	116900	46	107	47	200	0.49750000000000005
rs100170	8	117000	121	68	11	200	0.225
rs100171	21	117100	128	60	12	200	0.21
rs100172	8	117200	89	86	25	200	0.34
rs100173	4	117300	126	61	13	200	0.2175
rs100174	18	117400	59	95	46	200	0.4675
rs100175	11	117500	52	103	45	200	0.4825
rs100176	14	117600	109	80	11	200	0.255
rs100177	18	117700	75	95	30	200	0.3875
rs100178	12	117800	77	100	23	200	0.365
rs100180	17	118000	65	84	51	200	0.465
rs100181	18	118100	105	77	18	200	0.2825
rs100182	1	118200	55	110	35	200	0.45
rs100184	13	118400	65	96	39	200	0.435
rs100185	10	118500	121	72	7	200	0.215
rs100187	9	118700	69	89	42	200	0.4325
rs100189	15	118900	119	67	14	200	0.2375
rs100190	5	119000	45	101	54	200	0.47750000000000004
rs100191	10	119100	60	102	38	200	0.445
rs100192	18	119200	106	74	20	200	0.285
rs100193	4	119300	90	86	24	200	0.335
rs100194	10	119400	117	66	17	200	0.25
rs100195	3	119500	127	63	10	200	0.2075
rs100197	11	119700	93	86	21	200	0.32
rs100198	1	119800	69	99	32	200	0.4075
rs100199	6	119900	73	91	36	200	0.4075
rs100200	16	120000	60	111	29	200	0.4225
rs100202	14	120200	110	75	15	200	0.2625
rs100204	14	120400	97	84	19	200	0.305
rs100205	7	120500	116	75	9	200	0.2325
rs100206	16	120600	71	87	42	200	0.4275
rs100207	21	120700	127	58	15	200	0.22
rs100210	21	121000	76	99	25	200	0.3725
rs100211	14	121100	97	86	17	200	0.3
rs100214	4	121400	77	91	32	200	0.3875
rs100216	11	121600	78	86	36	200	0.395
rs100217	11	121700	68	106	26	200	0.395
rs100220	5	122000	50	103	47	200	0.4925
rs100221	7	122100	123	73	4	200	0.2025
rs100222	20	122200	117	77	6	200	0.2225
rs100223	21	122300	68	101	31	200	0.4075
rs100224	3	122400	59	101	40	200	0.4525
rs100225	14	122500	49	94	57	200	0.48
rs100226	2	122600	82	75	43	200	0.4025
rs100227	22	122700	118	68	14	200	0.24
rs100229	9	122900	80	89	31	200	0.3775
rs100230	8	123000	118	67	15	200	0.2425
rs100231	12	123100	111	77	12	200	0.2525
rs100232	18	123200	53	99	48	200	0.4875
rs100234	22	123400	107	85	8	200	0.2525
rs100236	16	123600	105	81	14	200	0.2725
rs100240	16	124000	91	84	25	200	0.335
rs100241	6	124100	66	96	38	200	0.43
rs100242	7	124200	83	99	18	200	0.3375
rs100243	21	124300	47	110	43	200	0.49
rs100244	7	124400	117	75	8	200	0.2275
rs100246	11	124600	57	95	48	200	0.4775
rs100248	10	124800	52	102	46	200	0.485
rs100250	3	125000	47	102	51	200	0.49
rs100252	2	125200	55	115	30	200	0.4375
rs100253	21	125300	108	84	8	200	0.25
rs100254	4	125400	44	101	55	200	0.47250000000000003
rs100256	19	125600	102	76	22	200	0.3
rs100257	16	125700	50	103	47	200	0.4925
rs100258	11	125800	106	74	20	200	0.285
rs100259	8	125900	83	94	23	200	0.35
rs100260	18	126000	83	94	23	200	0.35
rs100261	7	126100	110	78	12	200	0.255
rs100262	10	126200	90	92	18	200	0.32
rs100263	15	126300	81	100	19	200	0.345
rs100264	12	126400	55	103	42	200	0.4675
rs100267	4	126700	57	107	36	200	0.4475
rs100268	3	126800	60	103	37	200	0.4425
rs100269	10	126900	99	85	16	200	0.2925
rs100270	4	127000	91	82	27	200	0.34
rs100273	17	127300	105	79	16	200	0.2775
rs100274	18	127400	127	65	8	200	0.2025
rs100275	13	127500	94	90	16	200	0.305
rs100277	13	127700	47	103	50	200	0.49250000000000005
rs100278	4	127800	49	104	47	200	0.495
rs100279	11	127900	79	96	25	200	0.365
rs100280	16	128000	87	99	14	200	0.3175
rs100282	14	128200	61	97	42	200	0.4525
rs100283	3	128300	84	92	24	200	0.35
rs100285	22	128500	50	110	40	200	0.475
rs100286	3	128600	71	87	42	200	0.4275
rs100287	9	128700	62	103	35	200	0.4325
rs100288	11	128800	89	88	23	200	0.335
rs100289	13	128900	103	78	19	200	0.29
rs100290	13	129000	124	68	8	200	0.21
rs100291	10	129100	55	111	34	200	0.4475
rs100292	18	129200	62	106	32	200	0.425
rs100295	14	129500	131	58	11	200	0.2
rs100296	21	129600	71	101	28	200	0.3925
rs100297	1	129700	46	93	61	200	0.4625
rs100299	3	129900	94	87	19	200	0.3125
rs100300	21	130000	121	68	11	200	0.225
rs100301	16	130100	50	85	65	200	0.4625
rs100302	2	130200	59	97	44	200	0.4625
rs100303	12	130300	76	86	38	200	0.405
rs100304	13	130400	107	83	10	200	0.2575
rs100305	16	130500	119	72	9	200	0.225
rs100308	4	130800	65	100	35	200	0.425
rs100309	16	130900	79	86	35	200	0.39
rs100310	19	131000	50	99	51	200	0.49750000000000005
rs100311	11	131100	44	101	55	200	0.47250000000000003
rs100312	4	131200	92	89	19	200	0.3175
rs100313	11	131300	70	104	26	200	0.39
rs100314	14	131400	55	105	40	200	0.4625
rs100315	20	131500	72	96	32	200	0.4
rs100317	16	131700	115	73	12	200	0.2425
rs100319	15	131900	55	99	46	200	0.4775
rs100320	4	132000	86	94	20	200	0.335
rs100322	3	132200	92	91	17	200	0.3125
rs100323	10	132300	93	85	22	200	0.3225
rs100326	8	132600	85	93	22	200	0.3425
rs100327	21	132700	100	83	17	200	0.2925
rs100328	10	132800	72	86	42	200	0.425
rs100329	5	132900	104	84	12	200	0.27
rs100330	12	133000	62	97	41	200	0.4475
rs100331	4	133100	90	93	17	200	0.3175
rs100332	9	133200	91	87	22	200	0.3275
rs100333	19	133300	72	92	36	200	0.41
rs100334	15	133400	119	65	16	200	0.2425
rs100337	19	133700	68	103	29	200	0.4025
rs100338	10	133800	90	87	23	200	0.3325
rs100339	2	133900	91	84	25	200	0.335
rs100344	22	134400	100	78	22	200	0.305
rs100345	12	134500	120	77	3	200	0.2075
rs100346	22	134600	106	82	12	200	0.265
rs100347	14	134700	53	107	40	200	0.4675
rs100349	6	134900	100	82	18	200	0.295
rs100350	7	135000	78	101	21	200	0.3575
rs100351	14	135100	117	76	7	200	0.225
rs100352	4	135200	90	89	21	200	0.3275
rs100353	21	135300	64	92	44	200	0.45
rs100354	17	135400	41	95	64	200	0.4425
rs100356	9	135600	57	101	42	200	0.4625
rs100357	11	135700	117	73	10	200	0.2325
rs100359	21	135900	106	81	13	200	0.2675
rs100360	22	136000	59	92	49	200	0.475
rs100361	14	136100	113	73	14	200	0.2525
rs100363	13	136300	86	84	30	200	0.36
rs100370	3	137000	91	86	23	200	0.33
rs100372	4	137200	125	64	11	200	0.215
rs100373	2	137300	60	94	46	200	0.465
rs100374	15	137400	121	74	5	200	0.21
rs100375	22	137500	71	100	29	200	0.395
rs100384	10	138400	101	93	6	200	0.2625
rs100387	7	138700	102	79	19	200	0.2925
rs100388	17	138800	77	91	32	200	0.3875
rs100390	22	139000	76	84	40	200	0.41
rs100391	13	139100	87	92	21	200	0.335
rs100393	12	139300	64	92	44	200	0.45
rs100394	12	139400	63	92	45	200	0.455
rs100396	10	139600	130	58	12	200	0.205
rs100397	10	139700	62	99	39	200	0.4425
rs100398	20	139800	69	99	32	200	0.4075
rs100401	13	140100	121	71	8	200	0.2175
rs100402	14	140200	109	74	17	200	0.27
rs100403	5	140300	90	89	21	200	0.3275
rs100405	20	140500	118	71	11	200	0.2325
rs100406	4	140600	75	87	38	200	0.4075
rs100409	17	140900	71	104	25	200	0.385
rs100410	19	141000	57	100	43	200	0.465
rs100411	15	141100	105	79	16	200	0.2775
rs100412	9	141200	94	93	13	200	0.2975
rs100414	15	141400	106	79	15	200	0.2725
rs100415	18	141500	109	76	15	200	0.265
rs100418	1	141800	109	82	9	200	0.25
rs100420	18	142000	129	62	9	200	0.2
rs100424	18	142400	63	93	44	200	0.4525
rs100425	19	142500	105	77	18	200	0.2825
rs100426	16	142600	94	89	17	200	0.3075
rs100427	19	142700	69	98	33	200	0.41
rs100428	21	142800	101	88	11	200	0.275
rs100430	11	143000	100	78	22	200	0.305
rs100431	19	143100	89	89	22	200	0.3325
rs100432	9	143200	83	88	29	200	0.365
rs100433	16	143300	124	67	9	200	0.2125
rs100436	9	143600	129	58	13	200	0.21
rs100437	8	143700	81	89	30	200	0.3725
rs100438	3	143800	104	69	27	200	0.3075
rs100440	18	144000	50	109	41	200	0.4775
rs100441	14	144100	87	87	26	200	0.3475
rs100450	8	145000	63	102	35	200	0.43
rs100452	10	145200	97	92	11	200	0.285
rs100453	2	145300	102	89	9	200	0.2675
rs100454	5	145400	55	107	38	200	0.4575
rs100456	10	145600	118	75	7	200	0.2225
rs100457	17	145700	61	105	34	200	0.4325
rs100458	2	145800	64	99	37	200	0.4325
rs100459	20	145900	70	95	35	200	0.4125
rs100462	16	146200	84	94	22	200	0.345
rs100463	2	146300	61	105	34	200	0.4325
rs100464	11	146400	99	89	12	200	0.2825
rs100465	2	146500	106	74	20	200	0.285
rs100467	18	146700	79	91	30	200	0.3775
rs100470	16	147000	91	103	6	200	0.2875
rs100471	14	147100	98	81	21	200	0.3075
rs100474	11	147400	98	89	13	200	0.2875
rs100475	13	147500	126	68	6	200	0.2
rs100476	1	147600	107	76	17	200	0.275
rs100478	12	147800	121	65	14	200	0.2325
rs100479	11	147900	108	76	16	200	0.27
rs100484	18	148400	41	111	48	200	0.48250000000000004
rs100485	22	148500	122	74	4	200	0.205
rs100486	1	148600	66	97	37	200	0.4275
rs100488	4	148800	87	101	12	200	0.3125
rs100489	12	148900	75	87	38	200	0.4075
rs100490	1	149000	86	97	17	200	0.3275
rs100491	20	149100	108	81	11	200	0.2575
rs100492	17	149200	127	57	16	200	0.2225
rs100493	19	149300	119	68	13	200	0.235
rs100494	18	149400	60	101	39	200	0.4475
rs100495	3	149500	58	106	36	200	0.445
rs100496	5	149600	44	98	58	200	0.46499999999999997
rs100498	8	149800	80	95	25	200	0.3625
rs100499	4	149900	57	97	46	200	0.4725
rs100502	10	150200	72	107	21	200	0.3725
rs100503	5	150300	87	93	20	200	0.3325
rs100504	3	150400	67	99	34	200	0.4175
rs100506	10	150600	71	91	38	200	0.4175
rs100510	18	151000	65	102	33	200	0.42
rs100511	21	151100	75	99	26	200	0.3775
rs100512	13	151200	111	80	9	200	0.245
rs100513	21	151300	111	79	10	200	0.2475
rs100514	16	151400	62	95	43	200	0.4525
rs100515	18	151500	110	80	10	200	0.25
rs100516	13	151600	79	89	32	200	0.3825
rs100517	1	151700	110	73	17	200	0.2675
rs100518	17	151800	126	68	6	200	0.2
rs100519	2	151900	105	81	14	200	0.2725
rs100521	21	152100	84	86	30	200	0.365
rs100522	1	152200	106	83	11	200	0.2625
rs100524	9	152400	66	90	44	200	0.445
rs100525	11	152500	118	72	10	200	0.23
rs100526	17	152600	106	78	16	200	0.275
rs100527	19	152700	50	111	39	200	0.4725
rs100528	10	152800	98	82	20	200	0.305
rs100530	4	153000	54	98	48	200	0.485
rs100531	15	153100	81	96	23	200	0.355
rs100532	2	153200	124	68	8	200	0.21
rs100534	13	153400	80	94	26	200	0.365
rs100535	11	153500	90	90	20	200	0.325
rs100536	19	153600	111	74	15	200	0.26
rs100537	13	153700	58	102	40	200	0.455
rs100538	14	153800	70	100	30	200	0.4
rs100540	8	154000	123	73	4	200	0.2025
rs100542	20	154200	67	103	30	200	0.4075
rs100544	13	154400	98	89	13	200	0.2875
rs100545	12	154500	72	91	37	200	0.4125
rs100546	7	154600	56	103	41	200	0.4625
rs100547	7	154700	125	69	6	200	0.2025
rs100548	22	154800	69	90	41	200	0.43
rs100550	15	155000	62	101	37	200	0.4375
rs100552	19	155200	122	67	11	200	0.2225
rs100553	12	155300	59	91	50	200	0.4775
rs100556	8	155600	74	86	40	200	0.415
rs100557	6	155700	74	99	27	200	0.3825
rs100558	10	155800	86	93	21	200	0.3375
rs100559	20	155900	94	88	18	200	0.31
rs100560	8	156000	95	82	23	200	0.32
rs100562	8	156200	120	69	11	200	0.2275
rs100564	16	156400	64	92	44	200	0.45
rs100565	19	156500	92	87	21	200	0.3225
rs100566	1	156600	113	78	9	200	0.24
rs100567	14	156700	103	80	17	200	0.285
rs100568	8	156800	45	114	41	200	0.49
rs100570	1	157000	106	81	13	200	0.2675
rs100571	21	157100	104	81	15	200	0.2775
rs100572	20	157200	92	88	20	200	0.32
rs100574	13	157400	59	106	35	200	0.44
rs100575	19	157500	54	96	50	200	0.49
rs100576	17	157600	93	92	15	200	0.305
rs100577	16	157700	84	90	26	200	0.355
rs100578	15	157800	53	105	42	200	0.4725
rs100579	11	157900	82	86	32	200	0.375
rs100581	14	158100	99	85	16	200	0.2925
rs100582	20	158200	90	92	18	200	0.32
rs100583	5	158300	118	73	9	200	0.2275
rs100584	20	158400	76	92	32	200	0.39
rs100585	1	158500	51	103	46	200	0.4875
rs100586	20	158600	57	99	44	200	0.4675
rs100587	15	158700	115	72	13	200	0.245
rs100589	6	158900	68	92	40	200	0.43
rs100590	16	159000	80	87	33	200	0.3825
rs100592	14	159200	56	97	47	200	0.4775
rs100593	2	159300	61	94	45	200	0.46
rs100594	11	159400	94	91	15	200	0.3025
rs100595	14	159500	92	95	13	200	0.3025
rs100596	17	159600	125	69	6	200	0.2025
rs100598	6	159800	128	56	16	200	0.22
rs100599	9	159900	64	100	36	200	0.43
rs100603	14	160300	107	82	11	200	0.26
rs100604	2	160400	55	105	40	200	0.4625
rs100607	16	160700	84	89	27	200	0.3575
rs100608	17	160800	111	79	10	200	0.2475
rs100610	13	161000	114	78	8	200	0.235
rs100613	7	161300	110	74	16	200	0.265
rs100614	5	161400	106	77	17	200	0.2775
rs100615	13	161500	64	100	36	200	0.43
rs100616	13	161600	108	84	8	200	0.25
rs100617	19	161700	105	69	26	200	0.3025
rs100618	9	161800	86	89	25	200	0.3475
rs100620	10	162000	83	86	31	200	0.37
rs100622	15	162200	52	96	52	200	0.5
rs100624	1	162400	107	80	13	200	0.265
rs100626	7	162600	57	93	50	200	0.4825
rs100627	13	162700	109	82	9	200	0.25
rs100628	11	162800	95	91	14	200	0.2975
rs100630	13	163000	79	87	34	200	0.3875
rs100632	7	163200	55	103	42	200	0.4675
rs100636	5	163600	102	78	20	200	0.295
rs100637	9	163700	92	88	20	200	0.32
rs100639	9	163900	71	96	33	200	0.405
rs100640	14	164000	123	62	15	200	0.23
rs100641	17	164100	92	94	14	200	0.305
rs100642	8	164200	123	62	15	200	0.23
rs100643	16	164300	122	68	10	200	0.22
rs100644	2	164400	96	82	22	200	0.315
rs100647	13	164700	70	95	35	200	0.4125
rs100648	7	164800	51	99	50	200	0.4975
rs100649	3	164900	116	70	14	200	0.245
rs100650	20	165000	130	57	13	200	0.2075
rs100651	21	165100	94	81	25	200	0.3275
rs100652	13	165200	114	76	10	200	0.24
rs100655	21	165500	75	95	30	200	0.3875
rs100656	18	165600	80	87	33	200	0.3825
rs100660	20	166000	91	84	25	200	0.335
rs100663	6	166300	70	95	35	200	0.4125
rs100665	17	166500	86	84	30	200	0.36
rs100669	10	166900	73	99	28	200	0.3875
rs100670	16	167000	59	112	29	200	0.425
rs100671	8	167100	50	116	34	200	0.46
rs100673	5	167300	86	95	19	200	0.3325
rs100676	11	167600	53	108	39	200	0.465
rs100682	6	168200	93	88	19	200	0.315
rs100683	22	168300	121	70	9	200	0.22
rs100684	3	168400	52	110	38	200	0.465
rs100685	4	168500	77	85	38	200	0.4025
rs100686	3	168600	117	72	11	200	0.235
rs100688	22	168800	110	80	10	200	0.25
rs100689	3	168900	86	91	23	200	0.3425
rs100691	7	169100	93	94	13	200	0.3
rs100692	7	169200	111	75	14	200	0.2575
rs100693	9	169300	93	83	24	200	0.3275
rs100694	4	169400	125	65	10	200	0.2125
rs100696	12	169600	60	98	42	200	0.455
rs100697	13	169700	69	96	35	200	0.415
rs100699	11	169900	52	105	43	200	0.4775
rs100700	5	170000	115	72	13	200	0.245
rs100701	19	170100	56	102	42	200	0.465
rs100702	13	170200	74	103	23	200	0.3725
rs100703	4	170300	111	70	19	200	0.27
rs100706	19	170600	86	90	24	200	0.345
rs100707	4	170700	90	89	21	200	0.3275
rs100708	5	170800	126	67	7	200	0.2025
rs100710	19	171000	59	98	43	200	0.46
rs100711	11	171100	45	101	54	200	0.47750000000000004
rs100712	11	171200	100	81	19	200	0.2975
rs100716	21	171600	58	104	38	200	0.45
rs100718	15	171800	78	102	20	200	0.355
rs100720	18	172000	89	92	19	200	0.325
rs100721	20	172100	82	94	24	200	0.355
rs100722	16	172200	67	90	43	200	0.44
rs100726	11	172600	54	93	53	200	0.4975
rs100727	5	172700	63	97	40	200	0.4425
rs100728	13	172800	92	88	20	200	0.32
rs100729	21	172900	98	83	19	200	0.3025
rs100730	10	173000	83	88	29	200	0.365
rs100732	7	173200	50	102	48	200	0.495
rs100733	8	173300	112	80	8	200	0.24
rs100735	1	173500	84	99	17	200	0.3325
rs100738	22	173800	84	88	28	200	0.36
rs100740	2	174000	95	91	14	200	0.2975
rs100742	15	174200	126	65	9	200	0.2075
rs100744	18	174400	129	60	11	200	0.205
rs100745	7	174500	73	98	29	200	0.39
rs100747	8	174700	101	82	17	200	0.29
rs100748	20	174800	107	81	12	200	0.2625
rs100749	15	174900	84	85	31	200	0.3675
rs100750	9	175000	52	105	43	200	0.4775
rs100751	5	175100	75	96	29	200	0.385
rs100755	8	175500	94	81	25	200	0.3275
rs100757	20	175700	112	72	16	200	0.26
rs100758	18	175800	92	86	22	200	0.325
rs100760	11	176000	81	94	25	200	0.36
rs100763	3	176300	73	95	32	200	0.3975
rs100764	20	176400	104	83	13	200	0.2725
rs100765	3	176500	86	89	25	200	0.3475
rs100766	14	176600	107	75	18	200	0.2775
rs100768	3	176800	64	98	38	200	0.435
rs100769	5	176900	67	97	36	200	0.4225
rs100770	12	177000	88	91	21	200	0.3325
rs100772	15	177200	105	80	15	200	0.275
rs100775	21	177500	59	103	38	200	0.4475
rs100777	19	177700	52	102	46	200	0.485
rs100778	19	177800	114	68	18	200	0.26
rs100780	19	178000	112	71	17	200	0.2625
rs100781	18	178100	56	105	39	200	0.4575
rs100782	16	178200	94	81	25	200	0.3275
rs100783	16	178300	57	103	40	200	0.4575
rs100784	2	178400	78	98	24	200	0.365
rs100785	10	178500	73	94	33	200	0.4
rs100786	17	178600	60	102	38	200	0.445
rs100788	4	178800	115	66	19	200	0.26
rs100790	22	179000	57	101	42	200	0.4625
rs100791	1	179100	60	91	49	200	0.4725
rs100793	6	179300	83	91	26	200	0.3575
rs100794	16	179400	56	94	50	200	0.485
rs100796	9	179600	102	81	17	200	0.2875
rs100797	20	179700	57	105	38	200	0.4525
rs100799	3	179900	80	92	28	200	0.37
rs100801	5	180100	59	99	42	200	0.4575
rs100802	7	180200	52	95	53	200	0.49750000000000005
rs100803	16	180300	55	103	42	200	0.4675
rs100804	6	180400	89	92	19	200	0.325
rs100805	12	180500	57	100	43	200	0.465
rs100806	18	180600	62	105	33	200	0.4275
rs100808	14	180800	57	110	33	200	0.44
rs100810	4	181000	90	87	23	200	0.3325
rs100814	13	181400	71	88	41	200	0.425
rs100815	20	181500	113	78	9	200	0.24
rs100816	21	181600	79	92	29	200	0.375
rs100819	8	181900	100	82	18	200	0.295
rs100820	5	182000	68	101	31	200	0.4075
rs100821	14	182100	126	64	10	200	0.21
rs100822	16	182200	87	93	20	200	0.3325
rs100823	15	182300	64	98	38	200	0.435
rs100824	21	182400	85	90	25	200	0.35
rs100827	11	182700	59	100	41	200	0.455
rs100829	20	182900	66	96	38	200	0.43
rs100830	21	183000	104	77	19	200	0.2875
rs100831	20	183100	56	116	28	200	0.43
rs100832	2	183200	59	106	35	200	0.44
rs100833	19	183300	56	100	44	200	0.47
rs100834	12	183400	118	70	12	200	0.235
rs100835	1	183500	73	84	43	200	0.425
rs100836	9	183600	111	78	11	200	0.25
rs100837	2	183700	103	83	14	200	0.2775
rs100838	8	183800	81	98	21	200	0.35
rs100839	12	183900	63	100	37	200	0.435
rs100840	17	184000	44	103	53	200	0.47750000000000004
rs100841	3	184100	69	106	25	200	0.39
rs100843	8	184300	109	70	21	200	0.28
rs100844	17	184400	78	100	22	200	0.36
rs100847	14	184700	125	68	7	200	0.205
rs100853	7	185300	46	107	47	200	0.49750000000000005
rs100854	4	185400	101	80	19	200	0.295
rs100855	4	185500	129	62	9	200	0.2
rs100856	13	185600	77	96	27	200	0.375
rs100858	14	185800	50	121	29	200	0.4475
rs100859	9	185900	74	94	32	200	0.395
rs100861	16	186100	112	75	13	200	0.2525
rs100862	7	186200	60	98	42	200	0.455
rs100863	21	186300	58	102	40	200	0.455
rs100864	9	186400	110	79	11	200	0.2525
rs100865	4	186500	95	80	25	200	0.325
rs100867	12	186700	49	109	42	200	0.4825
rs100869	18	186900	63	96	41	200	0.445
rs100870	2	187000	86	92	22	200	0.34
rs100871	22	187100	92	91	17	200	0.3125
rs100872	7	187200	107	77	16	200	0.2725
rs100877	3	187700	72	98	30	200	0.395
rs100878	3	187800	126	67	7	200	0.2025
rs100880	22	188000	45	102	53	200	0.48
rs100881	7	188100	56	94	50	200	0.485
rs100882	21	188200	60	96	44	200	0.46
rs100883	5	188300	39	111	50	200	0.47250000000000003
rs100885	8	188500	126	62	12	200	0.215
rs100886	18	188600	75	91	34	200	0.3975
rs100887	18	188700	81	99	20	200	0.3475
rs100889	14	188900	72	95	33	200	0.4025
rs100892	11	189200	94	89	17	200	0.3075
rs100893	2	189300	100	80	20	200	0.3
rs100894	12	189400	103	72	25	200	0.305
rs100896	21	189600	65	91	44	200	0.4475
rs100899	6	189900	57	101	42	200	0.4625
rs100900	6	190000	55	96	49	200	0.485
rs100901	19	190100	61	96	43	200	0.455
rs100902	11	190200	75	86	39	200	0.41
rs100903	8	190300	79	93	28	200	0.3725
rs100904	7	190400	97	84	19	200	0.305
rs100907	19	190700	116	69	15	200	0.2475
rs100909	11	190900	73	101	26	200	0.3825
rs100910	15	191000	118	73	9	200	0.2275
rs100913	13	191300	87	81	32	200	0.3625
rs100915	12	191500	60	104	36	200	0.44
rs100916	18	191600	117	71	12	200	0.2375
rs100917	17	191700	100	86	14	200	0.285
rs100918	12	191800	88	93	19	200	0.3275
rs100919	6	191900	84	77	39	200	0.3875
rs100920	10	192000	117	75	8	200	0.2275
rs100921	2	192100	86	89	25	200	0.3475
rs100922	5	192200	106	77	17	200	0.2775
rs100924	10	192400	49	99	52	200	0.49250000000000005
rs100925	20	192500	67	104	29	200	0.405
rs100926	21	192600	82	95	23	200	0.3525
rs100927	18	192700	58	112	30	200	0.43
rs100928	8	192800	70	100	30	200	0.4
rs100929	14	192900	69	94	37	200	0.42
rs100930	15	193000	67	101	32	200	0.4125
rs100931	4	193100	72	97	31	200	0.3975
rs100932	1	193200	82	98	20	200	0.345
rs100933	13	193300	77	101	22	200	0.3625
rs100934	1	193400	73	92	35	200	0.405
rs100936	14	193600	56	113	31	200	0.4375
rs100937	18	193700	58	101	41	200	0.4575
rs100939	5	193900	74	94	32	200	0.395
rs100941	5	194100	123	66	11	200	0.22
rs100942	3	194200	66	106	28	200	0.405
rs100944	9	194400	86	84	30	200	0.36
rs100945	3	194500	58	102	40	200	0.455
rs100946	6	194600	102	80	18	200	0.29
rs100949	6	194900	98	85	17	200	0.2975
rs100950	18	195000	54	93	53	200	0.4975
rs100951	16	195100	76	95	29	200	0.3825
rs100953	19	195300	83	89	28	200	0.3625
rs100954	9	195400	105	85	10	200	0.2625
rs100955	7	195500	72	96	32	200	0.4
rs100957	8	195700	86	86	28	200	0.355
rs100958	10	195800	112	66	22	200	0.275
rs100959	6	195900	51	98	51	200	0.5
rs100960	15	196000	131	58	11	200	0.2
rs100961	5	196100	81	92	27	200	0.365
rs100962	1	196200	54	100	46	200	0.48
rs100964	8	196400	55	94	51	200	0.49
rs100965	10	196500	68	100	32	200	0.41
rs100968	5	196800	76	92	32	200	0.39
rs100970	18	197000	99	81	20	200	0.3025
rs100971	12	197100	129	57	14	200	0.2125
rs100972	13	197200	91	93	16	200	0.3125
rs100974	1	197400	58	98	44	200	0.465
rs100975	14	197500	53	97	50	200	0.4925
rs100976	2	197600	58	103	39	200	0.4525
rs100977	3	197700	57	103	40	200	0.4575
rs100979	21	197900	78	100	22	200	0.36
rs100983	11	198300	102	77	21	200	0.2975
rs100984	19	198400	77	91	32	200	0.3875
rs100985	11	198500	82	93	25	200	0.3575
rs100986	22	198600	116	70	14	200	0.245
rs100988	15	198800	57	96	47	200	0.475
rs100989	6	198900	96	92	12	200	0.29
rs100990	17	199000	123	61	16	200	0.2325
rs100992	2	199200	81	90	29	200	0.37
rs100993	12	199300	79	99	22	200	0.3575
rs100996	20	199600	69	103	28	200	0.3975
rs100997	20	199700	88	90	22	200	0.335
rs100999	21	199900	63	100	37	200	0.435
rs101001	2	200100	105	84	11	200	0.265
rs101002	16	200200	53	99	48	200	0.4875
rs101003	20	200300	117	78	5	200	0.22
rs101004	12	200400	93	86	21	200	0.32
rs101005	3	200500	123	69	8	200	0.2125
rs101006	19	200600	129	61	10	200	0.2025
rs101007	18	200700	58	97	45	200	0.4675
rs101009	17	200900	58	108	34	200	0.44
rs101013	7	201300	76	95	29	200	0.3825
rs101014	10	201400	125	61	14	200	0.2225
rs101015	19	201500	63	102	35	200	0.43
rs101016	14	201600	111	78	11	200	0.25
rs101017	17	201700	57	96	47	200	0.475
rs101019	16	201900	66	103	31	200	0.4125
rs101020	7	202000	69	95	36	200	0.4175
rs101021	9	202100	79	88	33	200	0.385
rs101022	3	202200	63	101	36	200	0.4325
rs101023	22	202300	83	86	31	200	0.37
rs101024	7	202400	89	90	21	200	0.33
rs101027	12	202700	55	106	39	200	0.46
rs101028	18	202800	81	97	22	200	0.3525
rs101029	21	202900	70	102	28	200	0.395
rs101030	17	203000	120	71	9	200	0.2225
rs101033	6	203300	87	96	17	200	0.325
rs101034	11	203400	126	64	10	200	0.21
rs101036	12	203600	106	79	15	200	0.2725
rs101038	16	203800	99	72	29	200	0.325
rs101040	18	204000	75	96	29	200	0.385
rs101042	3	204200	117	69	14	200	0.2425
rs101045	5	204500	118	75	7	200	0.2225
rs101046	1	204600	129	60	11	200	0.205
rs101047	2	204700	87	97	16	200	0.3225
rs101049	14	204900	68	97	35	200	0.4175
rs101050	14	205000	66	94	40	200	0.435
rs101051	21	205100	74	93	33	200	0.3975
rs101053	16	205300	94	93	13	200	0.2975
rs101056	11	205600	55	95	50	200	0.4875
rs101058	13	205800	107	88	5	200	0.245
rs101059	10	205900	102	77	21	200	0.2975
rs101060	6	206000	82	88	30	200	0.37
rs101061	3	206100	90	86	24	200	0.335
rs101063	12	206300	125	67	8	200	0.2075
rs101064	8	206400	122	67	11	200	0.2225
rs101066	11	206600	135	50	15	200	0.2
rs101069	21	206900	112	81	7	200	0.2375
rs101071	13	207100	101	79	20	200	0.2975
rs101072	18	207200	81	88	31	200	0.375
rs101073	8	207300	64	102	34	200	0.425
rs101077	8	207700	79	90	31	200	0.38
rs101078	21	207800	76	95	29	200	0.3825
rs101080	17	208000	56	93	51	200	0.4875
rs101082	18	208200	90	86	24	200	0.335
rs101083	15	208300	71	97	32	200	0.4025
rs101084	19	208400	56	114	30	200	0.435
rs101085	6	208500	86	77	37	200	0.3775
rs101086	22	208600	75	91	34	200	0.3975
rs101087	1	208700	122	67	11	200	0.2225
rs101088	3	208800	58	104	38	200	0.45
rs101090	5	209000	62	98	40	200	0.445
rs101091	14	209100	102	81	17	200	0.2875
rs101092	10	209200	67	105	28	200	0.4025
rs101093	12	209300	117	66	17	200	0.25
rs101094	16	209400	92	88	20	200	0.32
rs101095	18	209500	98	87	15	200	0.2925
rs101096	11	209600	76	93	31	200	0.3875
rs101101	10	210100	50	110	40	200	0.475
rs101103	10	210300	38	108	54	200	0.45999999999999996
rs101104	6	210400	131	58	11	200	0.2
rs101106	20	210600	83	86	31	200	0.37
rs101107	14	210700	75	101	24	200	0.3725
rs101108	1	210800	104	79	17	200	0.2825
rs101109	6	210900	100	87	13	200	0.2825
rs101110	19	211000	69	108	23	200	0.385
rs101112	20	211200	53	103	44	200	0.4775
rs101113	15	211300	53	103	44	200	0.4775
rs101114	15	211400	88	90	22	200	0.335
rs101116	18	211600	84	89	27	200	0.3575
rs101120	17	212000	110	66	24	200	0.285
rs101121	9	212100	49	111	40	200	0.4775
rs101122	20	212200	73	96	31	200	0.395
rs101123	8	212300	69	96	35	200	0.415
rs101124	4	212400	107	80	13	200	0.265
rs101126	3	212600	127	65	8	200	0.2025
rs101127	17	212700	49	104	47	200	0.495
rs101129	20	212900	65	99	36	200	0.4275
rs101130	18	213000	104	71	25	200	0.3025
rs101131	5	213100	103	80	17	200	0.285
rs101132	9	213200	67	101	32	200	0.4125
rs101133	11	213300	106	83	11	200	0.2625
rs101134	12	213400	57	110	33	200	0.44
rs101135	10	213500	56	94	50	200	0.485
rs101136	13	213600	108	80	12	200	0.26
rs101138	13	213800	92	89	19	200	0.3175
rs101139	21	213900	58	101	41	200	0.4575
rs101140	12	214000	124	70	6	200	0.205
rs101141	12	214100	75	105	20	200	0.3625
rs101142	13	214200	92	82	26	200	0.335
rs101143	4	214300	89	89	22	200	0.3325
rs101145	4	214500	67	101	32	200	0.4125
rs101146	18	214600	61	106	33	200	0.43
rs101149	11	214900	59	91	50	200	0.4775
rs101151	3	215100	59	104	37	200	0.445
rs101152	14	215200	120	67	13	200	0.2325
rs101154	7	215400	71	92	37	200	0.415
rs101155	3	215500	115	71	14	200	0.2475
rs101156	4	215600	114	65	21	200	0.2675
rs101157	8	215700	120	68	12	200	0.23
rs101158	5	215800	101	78	21	200	0.3
rs101160	17	216000	115	80	5	200	0.225
rs101161	17	216100	53	98	49	200	0.49
rs101163	10	216300	100	76	24	200	0.31
rs101164	5	216400	125	66	9	200	0.21
rs101165	22	216500	77	81	42	200	0.4125
rs101167	21	216700	53	90	57	200	0.49
rs101168	21	216800	112	76	12	200	0.25
rs101172	13	217200	99	83	18	200	0.2975
rs101173	9	217300	121	71	8	200	0.2175
rs101174	10	217400	76	87	37	200	0.4025
rs101175	2	217500	122	65	13	200	0.2275
rs101177	2	217700	93	80	27	200	0.335
rs101178	1	217800	75	94	31	200	0.39
rs101182	15	218200	79	95	26	200	0.3675
rs101183	4	218300	78	86	36	200	0.395
rs101184	7	218400	106	84	10	200	0.26
rs101185	15	218500	73	84	43	200	0.425
rs101186	18	218600	67	99	34	200	0.4175
rs101187	15	218700	97	79	24	200	0.3175
rs101188	8	218800	68	103	29	200	0.4025
rs101193	20	219300	98	93	9	200	0.2775
rs101194	13	219400	58	81	61	200	0.49250000000000005
rs101197	7	219700	109	78	13	200	0.26
rs101198	10	219800	55	101	44	200	0.4725
rs101200	2	220000	103	78	19	200	0.29
rs101203	17	220300	47	94	59	200	0.47
rs101204	12	220400	42	103	55	200	0.4675
rs101206	4	220600	55	112	33	200	0.445
rs101207	16	220700	96	85	19	200	0.3075
rs101208	8	220800	70	100	30	200	0.4
rs101209	5	220900	94	86	20	200	0.315
rs101210	12	221000	100	79	21	200	0.3025
rs101211	19	221100	104	83	13	200	0.2725
rs101212	5	221200	82	98	20	200	0.345
rs101215	4	221500	127	62	11	200	0.21
rs101216	12	221600	75	94	31	200	0.39
rs101218	1	221800	97	79	24	200	0.3175
rs101219	2	221900	41	102	57	200	0.45999999999999996
rs101221	8	222100	92	89	19	200	0.3175
rs101222	11	222200	120	69	11	200	0.2275
rs101223	22	222300	61	107	32	200	0.4275
rs101225	20	222500	70	100	30	200	0.4
rs101226	1	222600	64	88	48	200	0.46
rs101227	4	222700	47	99	54	200	0.48250000000000004
rs101228	11	222800	96	74	30	200	0.335
rs101229	21	222900	109	78	13	200	0.26
rs101230	14	223000	93	86	21	200	0.32
rs101231	13	223100	59	113	28	200	0.4225
rs101232	4	223200	97	84	19	200	0.305
rs101234	21	223400	60	107	33	200	0.4325
rs101235	16	223500	89	79	32	200	0.3575
rs101236	18	223600	79	101	20	200	0.3525
rs101238	21	223800	73	91	36	200	0.4075
rs101239	1	223900	112	74	14	200	0.255
rs101240	10	224000	83	93	24	200	0.3525
rs101242	13	224200	88	95	17	200	0.3225
rs101243	14	224300	68	96	36	200	0.42
rs101245	20	224500	52	105	43	200	0.4775
rs101247	14	224700	63	104	33	200	0.425
rs101248	17	224800	76	94	30	200	0.385
rs101249	11	224900	101	78	21	200	0.3
rs101250	6	225000	81	94	25	200	0.36
rs101251	19	225100	54	109	37	200	0.4575
rs101252	6	225200	115	76	9	200	0.235
rs101253	7	225300	108	77	15	200	0.2675
rs101254	21	225400	73	99	28	200	0.3875
rs101255	7	225500	71	84	45	200	0.435
rs101256	13	225600	80	91	29	200	0.3725
rs101257	17	225700	67	96	37	200	0.425
rs101258	4	225800	115	76	9	200	0.235
rs101259	11	225900	60	106	34	200	0.435
rs101261	19	226100	104	81	15	200	0.2775
rs101264	3	226400	122	72	6	200	0.21
rs101265	13	226500	119	70	11	200	0.23
rs101266	18	226600	100	87	13	200	0.2825
rs101267	5	226700	119	67	14	200	0.2375
rs101268	17	226800	104	83	13	200	0.2725
rs101270	12	227000	122	70	8	200	0.215
rs101273	10	227300	93	82	25	200	0.33
rs101274	2	227400	78	92	30	200	0.38
rs101275	16	227500	93	82	25	200	0.33
rs101276	15	227600	109	81	10	200	0.2525
rs101277	5	227700	121	67	12	200	0.2275
rs101278	4	227800	61	97	42	200	0.4525
rs101279	12	227900	103	82	15	200	0.28
rs101280	22	228000	108	81	11	200	0.2575
rs101282	13	228200	128	59	13	200	0.2125
rs101283	16	228300	121	71	8	200	0.2175
rs101284	7	228400	106	84	10	200	0.26
rs101285	10	228500	88	96	16	200	0.32
rs101286	12	228600	97	84	19	200	0.305
rs101287	9	228700	100	77	23	200	0.3075
rs101288	13	228800	78	90	32	200	0.385
rs101289	4	228900	69	96	35	200	0.415
rs101290	3	229000	81	90	29	200	0.37
rs101291	4	229100	52	103	45	200	0.4825
rs101295	12	229500	91	82	27	200	0.34
rs101296	9	229600	61	96	43	200	0.455
rs101298	13	229800	47	107	46	200	0.4975
rs101300	10	230000	63	99	38	200	0.4375
rs101303	8	230300	100	89	11	200	0.2775
rs101306	18	230600	128	63	9	200	0.2025
rs101307	6	230700	79	96	25	200	0.365
rs101308	20	230800	91	93	16	200	0.3125
rs101309	9	230900	128	64	8	200	0.2
rs101310	2	231000	97	82	21	200	0.31
rs101311	10	231100	80	89	31	200	0.3775
rs101313	7	231300	120	65	15	200	0.2375
rs101316	22	231600	87	91	22	200	0.3375
rs101318	11	231800	100	89	11	200	0.2775
rs101319	2	231900	85	91	24	200	0.3475
rs101321	1	232100	93	89	18	200	0.3125
rs101323	21	232300	49	100	51	200	0.495
rs101324	15	232400	107	85	8	200	0.2525
rs101325	3	232500	69	89	42	200	0.4325
rs101326	16	232600	87	87	26	200	0.3475
rs101328	8	232800	86	89	25	200	0.3475
rs101329	10	232900	56	91	53	200	0.4925
rs101330	19	233000	89	93	18	200	0.3225
rs101331	12	233100	65	99	36	200	0.4275
rs101332	21	233200	49	98	53	200	0.49
rs101335	13	233500	95	78	27	200	0.33
rs101336	4	233600	100	90	10	200	0.275
rs101337	20	233700	79	86	35	200	0.39
rs101338	9	233800	54	111	35	200	0.4525
rs101339	3	233900	112	80	8	200	0.24
rs101341	14	234100	58	116	26	200	0.42
rs101342	9	234200	125	69	6	200	0.2025
rs101343	11	234300	62	104	34	200	0.43
rs101344	13	234400	119	73	8	200	0.2225
rs101345	10	234500	90	85	25	200	0.3375
rs101347	10	234700	84	91	25	200	0.3525
rs101348	15	234800	120	68	12	200	0.23
rs101349	21	234900	94	87	19	200	0.3125
rs101351	5	235100	75	99	26	200	0.3775
rs101352	1	235200	67	98	35	200	0.42
rs101356	14	235600	78	101	21	200	0.3575
rs101357	20	235700	83	96	21	200	0.345
rs101358	21	235800	90	97	13	200	0.3075
rs101360	19	236000	114	72	14	200	0.25
rs101361	21	236100	98	86	16	200	0.295
rs101362	9	236200	101	78	21	200	0.3
rs101363	7	236300	58	93	49	200	0.4775
rs101365	2	236500	80	94	26	200	0.365
rs101366	13	236600	125	64	11	200	0.215
rs101367	16	236700	117	73	10	200	0.2325
rs101368	6	236800	65	106	29	200	0.41
rs101369	19	236900	86	88	26	200	0.35
rs101370	20	237000	53	99	48	200	0.4875
rs101373	1	237300	84	102	14	200	0.325
rs101374	22	237400	78	97	25	200	0.3675
rs101378	8	237800	56	96	48	200	0.48
rs101380	20	238000	123	66	11	200	0.22
rs101382	3	238200	121	72	7	200	0.215
rs101384	20	238400	94	90	16	200	0.305
rs101386	6	238600	75	95	30	200	0.3875
rs101388	2	238800	90	93	17	200	0.3175
rs101389	21	238900	76	88	36	200	0.4
rs101390	15	239000	85	99	16	200	0.3275
rs101391	6	239100	103	82	15	200	0.28
rs101394	2	239400	79	96	25	200	0.365
rs101395	10	239500	50	104	46	200	0.49
rs101396	15	239600	91	83	26	200	0.3375
rs101397	9	239700	96	93	11	200	0.2875
rs101398	5	239800	80	94	26	200	0.365
rs101399	7	239900	122	67	11	200	0.2225
rs101401	2	240100	99	89	12	200	0.2825
rs101402	8	240200	48	97	55	200	0.48250000000000004
rs101404	7	240400	92	84	24	200	0.33
rs101406	19	240600	100	82	18	200	0.295
rs101408	16	240800	101	89	10	200	0.2725
rs101409	2	240900	81	92	27	200	0.365
rs101411	20	241100	87	89	24	200	0.3425
rs101412	16	241200	77	101	22	200	0.3625
rs101413	15	241300	49	108	43	200	0.485
rs101415	12	241500	110	71	19	200	0.2725
rs101417	3	241700	47	98	55	200	0.48
rs101418	7	241800	66	95	39	200	0.4325
rs101419	1	241900	90	80	30	200	0.35
rs101420	3	242000	74	98	28	200	0.385
rs101421	22	242100	95	89	16	200	0.3025
rs101422	18	242200	97	85	18	200	0.3025
rs101424	8	242400	66	97	37	200	0.4275
rs101426	19	242600	57	106	37	200	0.45
rs101427	13	242700	70	85	45	200	0.4375
rs101428	17	242800	71	98	31	200	0.4
rs101434	7	243400	64	93	43	200	0.4475
rs101435	19	243500	90	95	15	200	0.3125
rs101437	3	243700	127	56	17	200	0.225
rs101438	6	243800	120	67	13	200	0.2325
rs101439	16	243900	97	87	16	200	0.2975
rs101440	18	244000	116	73	11	200	0.2375
rs101441	8	244100	61	102	37	200	0.44
rs101442	13	244200	104	78	18	200	0.285
rs101443	7	244300	38	115	47	200	0.47750000000000004
rs101444	4	244400	68	100	32	200	0.41
rs101446	16	244600	61	87	52	200	0.4775
rs101448	8	244800	68	99	33	200	0.4125
rs101449	5	244900	119	74	7	200	0.22
rs101450	5	245000	60	109	31	200	0.4275
rs101451	3	245100	72	97	31	200	0.3975
rs101452	14	245200	65	100	35	200	0.425
rs101453	19	245300	62	100	38	200	0.44
rs101456	21	245600	105	83	12	200	0.2675
rs101458	12	245800	89	92	19	200	0.325
rs101459	7	245900	113	75	12	200	0.2475
rs101460	22	246000	49	106	45	200	0.49
rs101461	19	246100	88	97	15	200	0.3175
rs101462	14	246200	74	92	34	200	0.4
rs101464	9	246400	63	104	33	200	0.425
rs101465	7	246500	59	101	40	200	0.4525
rs101466	19	246600	103	82	15	200	0.28
rs101467	2	246700	86	88	26	200	0.35
rs101468	22	246800	74	103	23	200	0.3725
rs101470	16	247000	92	89	19	200	0.3175
rs101471	20	247100	122	75	3	200	0.2025
rs101473	20	247300	117	74	9	200	0.23
rs101477	12	247700	52	105	43	200	0.4775
rs101478	2	247800	99	84	17	200	0.295
rs101479	15	247900	58	102	40	200	0.455
rs101480	16	248000	113	80	7	200	0.235
rs101482	15	248200	106	87	7	200	0.2525
rs101483	2	248300	112	77	11	200	0.2475
rs101485	11	248500	94	84	22	200	0.32
rs101487	14	248700	88	92	20	200	0.33
rs101488	6	248800	83	98	19	200	0.34
rs101491	21	249100	73	93	34	200	0.4025
rs101492	4	249200	102	78	20	200	0.295
rs101494	9	249400	56	100	44	200	0.47
rs101496	5	249600	89	92	19	200	0.325
rs101497	17	249700	55	95	50	200	0.4875
rs101503	19	250300	91	89	20	200	0.3225
rs101505	11	250500	98	81	21	200	0.3075
rs101506	12	250600	49	97	54	200	0.48750000000000004
rs101507	1	250700	72	98	30	200	0.395
rs101508	6	250800	97	81	22	200	0.3125
rs101510	14	251000	95	90	15	200	0.3
rs101511	10	251100	115	70	15	200	0.25
rs101512	2	251200	128	58	14	200	0.215
rs101514	15	251400	67	96	37	200	0.425
rs101515	3	251500	107	83	10	200	0.2575
rs101517	21	251700	110	71	19	200	0.2725
rs101518	8	251800	128	61	11	200	0.2075
rs101519	6	251900	66	97	37	200	0.4275
rs101520	6	252000	82	93	25	200	0.3575
rs101521	15	252100	72	89	39	200	0.4175
rs101523	4	252300	120	66	14	200	0.235
rs101524	5	252400	124	61	15	200	0.2275
rs101527	10	252700	79	86	35	200	0.39
rs101529	7	252900	99	80	21	200	0.305
rs101533	2	253300	52	107	41	200	0.4725
rs101534	5	253400	64	103	33	200	0.4225
rs101535	11	253500	56	100	44	200	0.47
rs101536	9	253600	97	86	17	200	0.3
rs101538	6	253800	100	81	19	200	0.2975
rs101539	8	253900	104	80	16	200	0.28
rs101540	5	254000	66	93	41	200	0.4375
rs101542	9	254200	114	77	9	200	0.2375
rs101544	12	254400	123	70	7	200	0.21
rs101545	5	254500	77	99	24	200	0.3675
rs101546	5	254600	107	78	15	200	0.27
rs101547	9	254700	124	66	10	200	0.215
rs101548	11	254800	118	73	9	200	0.2275
rs101549	8	254900	112	78	10	200	0.245
rs101550	5	255000	71	98	31	200	0.4
rs101551	15	255100	51	99	50	200	0.4975
rs101552	14	255200	54	104	42	200	0.47
rs101553	19	255300	77	91	32	200	0.3875
rs101555	5	255500	78	100	22	200	0.36
rs101556	3	255600	116	71	13	200	0.2425
rs101558	11	255800	67	95	38	200	0.4275
rs101560	4	256000	56	88	56	200	0.5
rs101561	15	256100	114	68	18	200	0.26
rs101562	8	256200	84	99	17	200	0.3325
rs101563	14	256300	84	98	18	200	0.335
rs101564	22	256400	55	105	40	200	0.4625
rs101565	12	256500	91	89	20	200	0.3225
rs101566	13	256600	108	79	13	200	0.2625
rs101568	20	256800	107	76	17	200	0.275
rs101570	13	257000	84	87	29	200	0.3625
rs101571	13	257100	95	86	19	200	0.31
rs101572	17	257200	70	99	31	200	0.4025
rs101575	5	257500	96	81	23	200	0.3175
rs101579	4	257900	50	102	48	200	0.495
rs101580	21	258000	76	99	25	200	0.3725
rs101583	7	258300	129	60	11	200	0.205
rs101584	14	258400	74	92	34	200	0.4
rs101585	11	258500	88	92	20	200	0.33
rs101589	18	258900	90	85	25	200	0.3375
rs101590	1	259000	82	83	35	200	0.3825
rs101594	1	259400	53	104	43	200	0.475
rs101596	6	259600	69	98	33	200	0.41
rs101597	7	259700	90	91	19	200	0.3225
rs101598	10	259800	130	55	15	200	0.2125
rs101601	8	260100	96	91	13	200	0.2925
rs101602	2	260200	64	97	39	200	0.4375
rs101603	7	260300	83	93	24	200	0.3525
rs101604	13	260400	96	80	24	200	0.32
rs101606	17	260600	51	89	60	200	0.47750000000000004
rs101607	3	260700	57	108	35	200	0.445
rs101609	15	260900	49	101	50	200	0.49750000000000005
rs101610	7	261000	82	90	28	200	0.365
rs101611	3	261100	90	91	19	200	0.3225
rs101612	4	261200	72	100	28	200	0.39
rs101613	11	261300	73	100	27	200	0.385
rs101614	5	261400	78	105	17	200	0.3475
rs101617	16	261700	66	84	50	200	0.46
rs101620	21	262000	119	74	7	200	0.22
rs101621	3	262100	107	83	10	200	0.2575
rs101622	17	262200	89	92	19	200	0.325
rs101623	17	262300	57	103	40	200	0.4575
rs101627	14	262700	60	105	35	200	0.4375
rs101628	3	262800	86	85	29	200	0.3575
rs101630	12	263000	64	108	28	200	0.41
rs101631	6	263100	59	96	45	200	0.465
rs101632	4	263200	72	93	35	200	0.4075
rs101633	12	263300	64	80	56	200	0.48
rs101635	9	263500	75	100	25	200	0.375
rs101636	5	263600	109	75	16	200	0.2675
rs101637	16	263700	67	87	46	200	0.4475
rs101638	17	263800	77	90	33	200	0.39
rs101639	15	263900	72	92	36	200	0.41
rs101640	4	264000	77	85	38	200	0.4025
rs101642	9	264200	100	79	21	200	0.3025
rs101643	8	264300	49	103	48	200	0.4975
rs101644	14	264400	52	109	39	200	0.4675
rs101648	8	264800	82	88	30	200	0.37
rs101649	9	264900	66	97	37	200	0.4275
rs101651	9	265100	99	88	13	200	0.285
rs101652	6	265200	64	91	45	200	0.4525
rs101653	8	265300	72	102	26	200	0.385
rs101654	8	265400	99	85	16	200	0.2925
rs101655	8	265500	107	78	15	200	0.27
rs101656	18	265600	101	85	14	200	0.2825
rs101658	13	265800	106	69	25	200	0.2975
rs101659	3	265900	102	74	24	200	0.305
rs101660	15	266000	49	113	38	200	0.4725
rs101661	9	266100	92	81	27	200	0.3375
rs101662	10	266200	68	94	38	200	0.425
rs101664	14	266400	109	78	13	200	0.26
rs101667	22	266700	85	84	31	200	0.365
rs101668	10	266800	45	103	52	200	0.48250000000000004
rs101670	19	267000	115	78	7	200	0.23
rs101671	12	267100	72	94	34	200	0.405
rs101673	9	267300	102	81	17	200	0.2875
rs101674	7	267400	69	102	29	200	0.4
rs101675	1	267500	83	98	19	200	0.34
rs101677	15	267700	127	63	10	200	0.2075
rs101678	21	267800	82	88	30	200	0.37
rs101679	11	267900	94	88	18	200	0.31
rs101681	15	268100	70	95	35	200	0.4125
rs101683	12	268300	80	95	25	200	0.3625
rs101685	6	268500	52	101	47	200	0.4875
rs101689	4	268900	126	66	8	200	0.205
rs101690	2	269000	46	116	38	200	0.48
rs101691	12	269100	50	100	50	200	0.5
rs101692	5	269200	121	69	10	200	0.2225
rs101693	11	269300	115	74	11	200	0.24
rs101694	17	269400	81	91	28	200	0.3675
rs101695	12	269500	60	107	33	200	0.4325
rs101696	18	269600	91	93	16	200	0.3125
rs101697	13	269700	121	65	14	200	0.2325
rs101698	12	269800	116	75	9	200	0.2325
rs101699	21	269900	89	91	20	200	0.3275
rs101701	1	270100	85	100	15	200	0.325
rs101702	1	270200	125	70	5	200	0.2
rs101703	16	270300	72	92	36	200	0.41
rs101705	20	270500	98	79	23	200	0.3125
rs101706	18	270600	108	80	12	200	0.26
rs101707	11	270700	90	90	20	200	0.325
rs101709	10	270900	115	67	18	200	0.2575
rs101710	18	271000	88	90	22	200	0.335
rs101711	10	271100	104	84	12	200	0.27
rs101712	14	271200	97	83	20	200	0.3075
rs101713	8	271300	98	76	26	200	0.32
rs101714	15	271400	64	104	32	200	0.42
rs101716	10	271600	67	90	43	200	0.44
rs101717	20	271700	115	69	16	200	0.2525
rs101720	14	272000	123	70	7	200	0.21
rs101721	6	272100	78	89	33	200	0.3875
rs101722	1	272200	80	91	29	200	0.3725
rs101723	6	272300	60	101	39	200	0.4475
rs101724	15	272400	108	77	15	200	0.2675
rs101725	20	272500	111	76	13	200	0.255
rs101728	16	272800	108	80	12	200	0.26
rs101731	12	273100	89	96	15	200	0.315
rs101732	8	273200	70	99	31	200	0.4025
rs101733	10	273300	46	104	50	200	0.49
rs101734	2	273400	51	92	57	200	0.485
rs101735	4	273500	97	79	24	200	0.3175
rs101737	13	273700	76	96	28	200	0.38
rs101738	4	273800	73	98	29	200	0.39
rs101740	2	274000	120	65	15	200	0.2375
rs101741	16	274100	65	93	42	200	0.4425
rs101742	8	274200	110	80	10	200	0.25
rs101743	18	274300	89	99	12	200	0.3075
rs101744	4	274400	89	88	23	200	0.335
rs101746	22	274600	132	56	12	200	0.2
rs101750	16	275000	68	102	30	200	0.405
rs101752	22	275200	105	81	14	200	0.2725
rs101754	7	275400	47	104	49	200	0.495
rs101756	8	275600	106	78	16	200	0.275
rs101757	3	275700	64	100	36	200	0.43
rs101758	2	275800	56	109	35	200	0.4475
rs101760	15	276000	79	95	26	200	0.3675
rs101761	6	276100	106	87	7	200	0.2525
rs101762	2	276200	107	80	13	200	0.265
rs101765	18	276500	79	92	29	200	0.375
rs101766	18	276600	106	81	13	200	0.2675
rs101767	1	276700	117	72	11	200	0.235
rs101768	7	276800	86	96	18	200	0.33
rs101769	6	276900	64	92	44	200	0.45
rs101771	6	277100	95	83	22	200	0.3175
rs101773	13	277300	68	94	38	200	0.425
rs101774	20	277400	87	89	24	200	0.3425
rs101775	8	277500	47	102	51	200	0.49
rs101781	10	278100	68	96	36	200	0.42
rs101782	9	278200	127	66	7	200	0.2
rs101784	21	278400	93	78	29	200	0.34
rs101785	13	278500	115	66	19	200	0.26
rs101786	17	278600	71	101	28	200	0.3925
rs101788	14	278800	111	79	10	200	0.2475
rs101791	21	279100	58	96	46	200	0.47
rs101793	17	279300	100	80	20	200	0.3
rs101794	15	279400	114	73	13	200	0.2475
rs101795	1	279500	125	66	9	200	0.21
rs101796	3	279600	48	108	44	200	0.49
rs101798	10	279800	73	97	30	200	0.3925
rs101799	13	279900	57	106	37	200	0.45
rs101800	16	280000	95	82	23	200	0.32
rs101801	17	280100	55	99	46	200	0.4775
rs101803	18	280300	114	78	8	200	0.235
rs101805	10	280500	89	82	29	200	0.35
rs101806	6	280600	42	108	50	200	0.48
rs101808	4	280800	98	77	25	200	0.3175
rs101810	4	281000	97	81	22	200	0.3125
rs101811	3	281100	110	71	19	200	0.2725
rs101812	9	281200	51	104	45	200	0.485
rs101813	1	281300	90	86	24	200	0.335
rs101814	20	281400	111	79	10	200	0.2475
rs101819	19	281900	70	95	35	200	0.4125
rs101820	20	282000	104	83	13	200	0.2725
rs101821	3	282100	93	96	11	200	0.295
rs101823	19	282300	69	95	36	200	0.4175
rs101824	13	282400	81	91	28	200	0.3675
rs101826	8	282600	78	95	27	200	0.3725
rs101827	14	282700	102	76	22	200	0.3
rs101829	8	282900	108	81	11	200	0.2575
rs101830	13	283000	110	79	11	200	0.2525
rs101832	9	283200	62	105	33	200	0.4275
rs101833	6	283300	59	105	36	200	0.4425
rs101834	15	283400	81	91	28	200	0.3675
rs101835	13	283500	108	78	14	200	0.265
rs101836	1	283600	100	91	9	200	0.2725
rs101837	5	283700	93	79	28	200	0.3375
rs101838	11	283800	110	70	20	200	0.275
rs101840	13	284000	95	87	18	200	0.3075
rs101841	7	284100	69	91	40	200	0.4275
rs101844	8	284400	78	88	34	200	0.39
rs101849	14	284900	63	103	34	200	0.4275
rs101850	16	285000	110	77	13	200	0.2575
rs101852	4	285200	52	101	47	200	0.4875
rs101853	8	285300	58	105	37	200	0.4475
rs101854	6	285400	63	100	37	200	0.435
rs101856	17	285600	109	68	23	200	0.285
rs101857	7	285700	55	96	49	200	0.485
rs101858	10	285800	64	99	37	200	0.4325
rs101861	10	286100	116	77	7	200	0.2275
rs101862	16	286200	65	90	45	200	0.45
rs101863	9	286300	106	73	21	200	0.2875
rs101864	18	286400	101	84	15	200	0.285
rs101866	15	286600	98	78	24	200	0.315
rs101867	16	286700	52	106	42	200	0.475
rs101869	22	286900	71	90	39	200	0.42
rs101870	12	287000	56	94	50	200	0.485
rs101872	21	287200	109	71	20	200	0.2775
rs101874	15	287400	71	101	28	200	0.3925
rs101875	18	287500	102	78	20	200	0.295
rs101876	21	287600	101	75	24	200	0.3075
rs101877	19	287700	71	92	37	200	0.415
rs101879	6	287900	52	111	37	200	0.4625
rs101880	2	288000	113	69	18	200	0.2625
rs101882	3	288200	80	91	29	200	0.3725
rs101883	9	288300	51	119	30	200	0.4475
rs101884	17	288400	122	70	8	200	0.215
rs101885	5	288500	71	88	41	200	0.425
rs101886	13	288600	54	92	54	200	0.5
rs101888	21	288800	54	98	48	200	0.485
rs101892	13	289200	68	91	41	200	0.4325
rs101893	13	289300	85	94	21	200	0.34
rs101895	10	289500	116	71	13	200	0.2425
rs101896	2	289600	89	89	22	200	0.3325
rs101898	16	289800	69	86	45	200	0.44
rs101899	6	289900	74	88	38	200	0.41
rs101900	12	290000	105	85	10	200	0.2625
rs101901	9	290100	53	89	58	200	0.48750000000000004
rs101902	20	290200	122	72	6	200	0.21
rs101903	3	290300	60	86	54	200	0.485
rs101904	18	290400	82	98	20	200	0.345
rs101905	1	290500	89	84	27	200	0.345
rs101907	20	290700	67	93	40	200	0.4325
rs101908	21	290800	126	67	7	200	0.2025
rs101911	6	291100	96	82	22	200	0.315
rs101912	10	291200	99	81	20	200	0.3025
rs101913	14	291300	79	92	29	200	0.375
rs101914	1	291400	75	87	38	200	0.4075
rs101916	5	291600	76	106	18	200	0.355
rs101918	2	291800	60	100	40	200	0.45
rs101919	5	291900	65	95	40	200	0.4375
rs101920	21	292000	102	82	16	200	0.285
rs101921	20	292100	81	90	29	200	0.37
rs101923	16	292300	111	75	14	200	0.2575
rs101924	7	292400	64	93	43	200	0.4475
rs101925	17	292500	104	83	13	200	0.2725
rs101927	6	292700	106	77	17	200	0.2775
rs101928	7	292800	70	96	34	200	0.41
rs101931	2	293100	71	100	29	200	0.395
rs101932	20	293200	67	97	36	200	0.4225
rs101936	6	293600	117	70	13	200	0.24
rs101937	3	293700	114	76	10	200	0.24
rs101938	16	293800	76	104	20	200	0.36
rs101939	7	293900	92	81	27	200	0.3375
rs101940	12	294000	83	102	15	200	0.33
rs101941	7	294100	129	59	12	200	0.2075
rs101942	18	294200	56	105	39	200	0.4575
rs101943	2	294300	109	80	11	200	0.255
rs101944	21	294400	47	118	35	200	0.47
rs101945	13	294500	90	83	27	200	0.3425
rs101947	7	294700	86	88	26	200	0.35
rs101948	19	294800	130	59	11	200	0.2025
rs101949	5	294900	71	101	28	200	0.3925
rs101952	16	295200	55	115	30	200	0.4375
rs101954	9	295400	64	102	34	200	0.425
rs101956	19	295600	73	101	26	200	0.3825
rs101957	5	295700	85	80	35	200	0.375
rs101958	22	295800	108	80	12	200	0.26
rs101963	12	296300	83	94	23	200	0.35
rs101964	16	296400	45	115	40	200	0.4875
rs101965	14	296500	76	83	41	200	0.4125
rs101966	6	296600	78	97	25	200	0.3675
rs101967	6	296700	76	100	24	200	0.37
rs101968	2	296800	82	100	18	200	0.34
rs101970	6	297000	59	93	48	200	0.4725
rs101971	16	297100	95	84	21	200	0.315
rs101972	10	297200	106	77	17	200	0.2775
rs101974	22	297400	115	62	23	200	0.27
rs101975	16	297500	119	74	7	200	0.22
rs101976	7	297600	58	104	38	200	0.45
rs101977	3	297700	101	84	15	200	0.285
rs101978	15	297800	113	79	8	200	0.2375
rs101979	1	297900	54	101	45	200	0.4775
rs101981	11	298100	108	74	18	200	0.275
rs101983	22	298300	84	87	29	200	0.3625
rs101984	12	298400	61	106	33	200	0.43
rs101985	19	298500	125	68	7	200	0.205
rs101986	1	298600	67	94	39	200	0.43
rs101988	21	298800	56	94	50	200	0.485
rs101989	2	298900	69	100	31	200	0.405
rs101990	9	299000	69	92	39	200	0.425
rs101992	22	299200	49	104	47	200	0.495
rs101993	9	299300	83	96	21	200	0.345
rs101995	22	299500	72	89	39	200	0.4175
rs101997	16	299700	63	88	49	200	0.465
rs101999	16	299900	95	83	22	200	0.3175
